{"name":"21adb79d-b741-4970-ba47-89a0db983e23","id":"/providers/Microsoft.Flow/flows/21adb79d-b741-4970-ba47-89a0db983e23","type":"Microsoft.Flow/flows","properties":{"apiId":"/providers/Microsoft.PowerApps/apis/shared_logicflows","displayName":"TDH - SharePoint Search Flow","definition":{"metadata":{"workflowEntityId":null,"processAdvisorMetadata":null,"flowclientsuspensionreason":"None","flowclientsuspensiontime":null,"flowclientsuspensionreasondetails":null,"creator":{"id":"d1ea6bf3-b9ee-49f4-a967-2ab375b20e6c","type":"User","tenantId":"424cbc54-76e1-4e68-ba4c-e65849b57091"},"provisioningMethod":"FromDefinition","failureAlertSubscription":true,"clientLastModifiedTime":"2022-09-27T10:35:31.232291Z"},"$schema":"https://schema.management.azure.com/providers/Microsoft.Logic/schemas/2016-06-01/workflowdefinition.json#","contentVersion":"1.0.0.0","parameters":{"$connections":{"defaultValue":{},"type":"Object"},"$authentication":{"defaultValue":{},"type":"SecureObject"}},"triggers":{"manual":{"metadata":{"operationMetadataId":"6c8c0c02-b9e3-4e42-8d6f-fdea7b701606"},"type":"Request","kind":"PowerApp","inputs":{"schema":{"type":"object","properties":{"Brand_Value":{"type":"string"},"Environment_Value":{"type":"string"},"RecordGuid_Value":{"type":"string"},"AccountGuid_Value":{"type":"string"},"EmailGuid_Value":{"type":"string","description":"Enter initial value","x-ms-powerflows-param-ispartial":false}},"required":["Brand_Value","Environment_Value","RecordGuid_Value","AccountGuid_Value","EmailGuid_Value"]}}}},"actions":{"Try":{"actions":{"Send_Request_For_Search_To_Sharepoint":{"runAfter":{},"metadata":{"flowSystemMetadata":{"swaggerOperationId":"HttpRequest"},"operationMetadataId":"4d00542a-62a5-4c37-99bd-db26df880162"},"type":"ApiConnection","inputs":{"host":{"connection":{"name":"@json(decodeBase64(triggerOutputs().headers['X-MS-APIM-Tokens']))['$connections']['shared_sharepointonline_1']['connectionId']"},"api":{"runtimeUrl":"https://flow-apim-europe-001-westeurope-01.azure-apim.net/apim/sharepointonline"}},"method":"post","body":{"method":"POST","uri":"_api/search/postquery","headers":{"accept":"application/json;odata=nometadata"},"body":"@variables('Query')"},"path":"/datasets/@{encodeURIComponent(encodeURIComponent('https://comphost.sharepoint.com/sites/CRM-DocumentAdmin-',triggerBody()['Environment_Value']))}/httprequest","authentication":{"type":"Raw","value":"@json(decodeBase64(triggerOutputs().headers['X-MS-APIM-Tokens']))['$ConnectionKey']"}}},"Response_from_Sharepoint":{"runAfter":{"Send_Request_For_Search_To_Sharepoint":["Succeeded"]},"metadata":{"operationMetadataId":"8f353a25-2d23-463a-a8fe-b53ce0c56873"},"type":"Response","kind":"Http","inputs":{"statusCode":200,"body":"@body('Send_Request_For_Search_To_Sharepoint')","schema":{"type":"object","properties":{"ElapsedTime":{"type":"integer"},"PrimaryQueryResult":{"type":"object","properties":{"CustomResults":{"type":"array"},"QueryId":{"type":"string"},"QueryRuleId":{"type":"string"},"RefinementResults":{},"RelevantResults":{"type":"object","properties":{"GroupTemplateId":{},"ItemTemplateId":{},"Properties":{"type":"array","items":{"type":"object","properties":{"Key":{"type":"string"},"Value":{"type":"string"},"ValueType":{"type":"string"}},"required":["Key","Value","ValueType"]}},"ResultTitle":{},"ResultTitleUrl":{},"RowCount":{"type":"integer"},"Table":{"type":"object","properties":{"Rows":{"type":"array","items":{"type":"object","properties":{"Cells":{"type":"array","items":{"type":"object","properties":{"Key":{"type":"string"},"Value":{"type":"string"},"ValueType":{"type":"string"}},"required":["Key","Value","ValueType"]}}},"required":["Cells"]}}}},"TotalRows":{"type":"integer"},"TotalRowsIncludingDuplicates":{"type":"integer"}}},"SpecialTermResults":{}}},"Properties":{"type":"array","items":{"type":"object","properties":{"Key":{"type":"string"},"Value":{"type":"string"},"ValueType":{"type":"string"}},"required":["Key","Value","ValueType"]}},"SecondaryQueryResults":{"type":"array"},"SpellingSuggestion":{"type":"string"},"TriggeredRules":{"type":"array","items":{"type":"string"}}}}}},"Terminate_2":{"runAfter":{"Response_from_Sharepoint":["Succeeded"]},"metadata":{"operationMetadataId":"b128ce02-707a-4738-8890-db64edbf720b"},"type":"Terminate","inputs":{"runStatus":"Succeeded"}}},"runAfter":{"Check_If_Brand_Is_Empty_To_Exclude_from_Query":["Succeeded"]},"metadata":{"operationMetadataId":"6bbba786-d7c9-4b01-89f0-df1311670e7b"},"type":"Scope"},"Catch":{"actions":{"JSON":{"runAfter":{},"metadata":{"operationMetadataId":"672500a7-2033-4965-9cd3-2d6c4240deaf"},"type":"ParseJson","inputs":{"content":"@body('Send_Request_For_Search_To_Sharepoint')","schema":{"type":"object","properties":{"status":{"type":"integer"},"message":{"type":"string"},"source":{"type":"string"},"errors":{"type":"array"}}}}},"Log_Error_on_Diagnostics_List":{"runAfter":{"Set_Date":["Succeeded"]},"metadata":{"flowSystemMetadata":{"swaggerOperationId":"HttpRequest"},"operationMetadataId":"2fff75e9-4bdd-463a-b857-1eb7631e43ce"},"type":"ApiConnection","inputs":{"host":{"connection":{"name":"@json(decodeBase64(triggerOutputs().headers['X-MS-APIM-Tokens']))['$connections']['shared_sharepointonline_1']['connectionId']"},"api":{"runtimeUrl":"https://flow-apim-europe-001-westeurope-01.azure-apim.net/apim/sharepointonline"}},"method":"post","body":{"method":"POST","uri":"_api/lists/getbytitle('Diagnostics')/items","headers":{"accept":"application/json;odata=nometadata"},"body":"{\n            \"Title\": 'Sharepoint Search Flow Error',\n           \"LogType\": 'Error : @{body('JSON')?['status']}',\n\"ListItemID\": '@{variables('DateTime')}',\n            \"Message\": 'Message : @{body('JSON')?['message']}, Source: @{body('JSON')?['source']}'\n}\n"},"path":"/datasets/@{encodeURIComponent(encodeURIComponent('https://comphost.sharepoint.com/sites/CRM-DocumentAdmin-',triggerBody()['Environment_Value']))}/httprequest","authentication":{"type":"Raw","value":"@json(decodeBase64(triggerOutputs().headers['X-MS-APIM-Tokens']))['$ConnectionKey']"}}},"Set_Date":{"runAfter":{"JSON":["Succeeded"]},"metadata":{"operationMetadataId":"1ecb8b36-d1f6-4dc4-891c-0d6e4422a278"},"type":"SetVariable","inputs":{"name":"DateTime","value":"@{outputs('Send_Request_For_Search_To_Sharepoint')['headers']?['Date']}"}},"Terminate":{"runAfter":{"Log_Error_on_Diagnostics_List":["Succeeded"]},"metadata":{"operationMetadataId":"9051ecd9-b324-4375-9838-db7c2392f2f6"},"type":"Terminate","inputs":{"runStatus":"Failed"}}},"runAfter":{"Try":["Failed","TimedOut"]},"metadata":{"operationMetadataId":"b9e439f4-2e40-4ab3-a4d4-36c9a27d4cac"},"type":"Scope"},"Initialize_DateTime":{"runAfter":{},"metadata":{"operationMetadataId":"acab7430-67ce-49bc-bb6a-9413b577dd51"},"type":"InitializeVariable","inputs":{"variables":[{"name":"DateTime","type":"String"}]}},"EmailGuid":{"runAfter":{"Initialize_Brand":["Succeeded"]},"metadata":{"operationMetadataId":"ecea18aa-d09c-4fca-8ab8-b018e695817c"},"type":"InitializeVariable","inputs":{"variables":[{"name":"EmailGuid","type":"String","value":"@triggerBody()['EmailGuid_Value']"}]}},"Initialize_Brand":{"runAfter":{"Initialize_DateTime":["Succeeded"]},"metadata":{"operationMetadataId":"c6fbce4b-2acd-4cf1-8411-6cabccacd10f"},"type":"InitializeVariable","inputs":{"variables":[{"name":"Brand","type":"String","value":"@triggerBody()['Brand_Value']"}]}},"Check_If_Brand_Is_Empty_To_Exclude_from_Query":{"actions":{"Set_Query_When_Brand_Is_Empty":{"runAfter":{},"metadata":{"operationMetadataId":"286f77eb-8e48-454f-a6d3-d62484a6f3e9"},"type":"SetVariable","inputs":{"name":"Query","value":"{\n  'request': {\n    'Querytext': 'CRMEnvironmentOWSTEXT: @{triggerBody()['Environment_Value']} AND (CRMRecordGUIDOWSTEXT: @{triggerBody()['RecordGuid_Value']} OR CRMAccountGUIDOWSTEXT: @{triggerBody()['AccountGuid_Value']} OR \n CRMEmailGUIDOWSTEXT: @{triggerBody()['EmailGuid_Value']} OR CRMHierarchyGUIDOWSTEXT: @{triggerBody()['AccountGuid_Value']})',    \n'SelectProperties': [\"Title\", \"CRMHierarchyGUIDOWSTEXT\", \"CRMAccountGUIDOWSTEXT\" ,\"CRMBrandOWSTEXT\", \"CRMAccountNameOWSTEXT\", \"CRMEntityOWSTEXT\", \"CRM Entity Type\", \"CRMRecordGUIDOWSTEXT\", \"owstaxIdCRMDocumentTypeTag\", \"CRMMDIDOWSTEXT\", \"CRMRecordNameOWSTEXT\", \"CRMEnvironmentOWSTEXT\", \"CRMSoftDeletedOWSBOOL\", \"FileName\", \"Created\", \"Name\",\"DocumentLink\", \"UniqueID\", \"ListID\", \"ListItemID\",\"SiteName\", \"FileType\",\"decodedurl\",\"h10a2a0262f1413c9a56683af8e57896\"],\n    'RowLimit':'500',\n    'TrimDuplicates': 'False'\n  }\n}"}}},"runAfter":{"Initialize_Query":["Succeeded"]},"else":{"actions":{"Set_Query_When_Brand_is_Not_Empty":{"runAfter":{},"metadata":{"operationMetadataId":"67e28fca-3b94-44dd-a232-7c4cdd2e65c5"},"type":"SetVariable","inputs":{"name":"Query","value":"{\n  'request': {\n    'Querytext': 'CRMBrandOWSTEXT: @{triggerBody()['Brand_Value']} AND CRMEnvironmentOWSTEXT: @{triggerBody()['Environment_Value']} AND (CRMRecordGUIDOWSTEXT: @{triggerBody()['RecordGuid_Value']} OR CRMAccountGUIDOWSTEXT: @{triggerBody()['AccountGuid_Value']} OR \n CRMEmailGUIDOWSTEXT: @{triggerBody()['EmailGuid_Value']} OR CRMHierarchyGUIDOWSTEXT: @{triggerBody()['AccountGuid_Value']})',\n    'SelectProperties': [\"Title\", \"CRMHierarchyGUIDOWSTEXT\", \"CRMAccountGUIDOWSTEXT\" ,\"CRMBrandOWSTEXT\", \"CRMAccountNameOWSTEXT\", \"CRMEntityOWSTEXT\", \"CRM Entity Type\", \"CRMRecordGUIDOWSTEXT\", \"owstaxIdCRMDocumentTypeTag\", \"CRMMDIDOWSTEXT\", \"CRMRecordNameOWSTEXT\", \"CRMEnvironmentOWSTEXT\", \"CRMSoftDeletedOWSBOOL\", \"FileName\", \"Created\", \"Name\",\"DocumentLink\", \"UniqueID\", \"ListID\", \"ListItemID\",\"SiteName\", \"FileType\",\"decodedurl\",\"h10a2a0262f1413c9a56683af8e57896\"],\n    'RowLimit':'500',\n    'TrimDuplicates': 'False'\n  }\n}"}}}},"expression":{"equals":["@equals(variables('Brand'), 'null')",true]},"metadata":{"operationMetadataId":"01c3d90a-0b5e-452d-9be0-301d72a79ddb"},"type":"If"},"Initialize_Query":{"runAfter":{"EmailGuid":["Succeeded"]},"metadata":{"operationMetadataId":"2240187b-8f88-4bf2-b822-f678f461f3aa"},"type":"InitializeVariable","inputs":{"variables":[{"name":"Query","type":"String"}]}}},"outputs":{}},"connectionReferences":{"shared_sharepointonline_1":{"connectionName":"shared-sharepointonl-2ee43491-daea-4269-be69-b627-6930a97a","source":"Invoker","id":"/providers/Microsoft.PowerApps/apis/shared_sharepointonline","tier":"NotSpecified","apiName":"sharepointonline"}},"flowFailureAlertSubscribed":false,"isManaged":false}}