{"name":"3b4b2d36-45ba-49f5-b42a-8f6efc845a84","id":"/providers/Microsoft.Flow/flows/3b4b2d36-45ba-49f5-b42a-8f6efc845a84","type":"Microsoft.Flow/flows","properties":{"apiId":"/providers/Microsoft.PowerApps/apis/shared_logicflows","displayName":"TDH - Routing Flow","definition":{"metadata":{"workflowEntityId":null,"processAdvisorMetadata":null,"flowclientsuspensionreason":"None","flowclientsuspensiontime":null,"creator":{"id":"ff09fd26-9b47-40a9-be31-bb85e777bafa","type":"User","tenantId":"424cbc54-76e1-4e68-ba4c-e65849b57091"},"provisioningMethod":"FromDefinition","failureAlertSubscription":true,"clientLastModifiedTime":"2022-06-14T09:13:55.1128112Z","flowclientsuspensionreasondetails":null,"flowChargedByPaygo":null,"connectionKeySavedTimeKey":"2024-10-31T06:45:57.9947383Z"},"$schema":"https://schema.management.azure.com/providers/Microsoft.Logic/schemas/2016-06-01/workflowdefinition.json#","contentVersion":"1.0.0.0","parameters":{"$connections":{"defaultValue":{},"type":"Object"},"$authentication":{"defaultValue":{},"type":"SecureObject"},"sharepoint.site":{"defaultValue":"","type":"String"},"sharepoint.list":{"defaultValue":"","type":"String"}},"triggers":{"When_an_item_is_created":{"recurrence":{"frequency":"Minute","interval":1},"splitOn":"@triggerBody()?['value']","metadata":{"flowSystemMetadata":{"swaggerOperationId":"GetOnNewItems"},"operationMetadataId":"40ae37ba-c0e6-4995-8a6b-c9273e9c3e84"},"type":"ApiConnection","inputs":{"host":{"connection":{"name":"@parameters('$connections')['shared_sharepointonline_1']['connectionId']"},"api":{"runtimeUrl":"https://flow-apim-europe-001-westeurope-01.azure-apim.net/apim/sharepointonline"}},"method":"get","path":"/datasets/@{encodeURIComponent(encodeURIComponent('https://comphost.sharepoint.com/sites/CRM-DocumentAdmin-D'))}/tables/@{encodeURIComponent(encodeURIComponent('99288c14-57c2-4a59-acb8-f3fcd19dc9c2'))}/onnewitems","authentication":"@parameters('$authentication')"}}},"actions":{"Try_-_Get_attachments":{"actions":{"Get_attachments":{"runAfter":{},"metadata":{"flowSystemMetadata":{"swaggerOperationId":"GetItemAttachments"},"operationMetadataId":"c430911a-0801-4d34-954d-0e561c770930"},"type":"ApiConnection","inputs":{"host":{"connection":{"name":"@parameters('$connections')['shared_sharepointonline_1']['connectionId']"},"api":{"runtimeUrl":"https://flow-apim-europe-001-westeurope-01.azure-apim.net/apim/sharepointonline"}},"method":"get","path":"/datasets/@{encodeURIComponent(encodeURIComponent('https://comphost.sharepoint.com/sites/CRM-DocumentAdmin-',triggerBody()?['CRMEnvironment']))}/tables/@{encodeURIComponent(encodeURIComponent('Routing Documents'))}/items/@{encodeURIComponent(encodeURIComponent(triggerBody()?['ID']))}/attachments","authentication":"@parameters('$authentication')"}},"Apply_to_each_2":{"foreach":"@body('Get_attachments')","actions":{"Set_variable":{"runAfter":{},"metadata":{"operationMetadataId":"d576b69f-4735-4c69-a2ab-d7649f53a185"},"type":"SetVariable","inputs":{"name":"NoExtensionName","value":"@{substring(items('Apply_to_each_2')?['DisplayName'],0,lastIndexof(items('Apply_to_each_2')?['DisplayName'],'.'))}"}},"Set_variable_FileExtention":{"runAfter":{"Set_variable":["Succeeded"]},"metadata":{"operationMetadataId":"72275ddf-4aeb-4136-b8bc-c9726e79c13c"},"type":"SetVariable","inputs":{"name":"FileExtention","value":"@{substring(items('Apply_to_each_2')?['DisplayName'],lastIndexof(items('Apply_to_each_2')?['DisplayName'],'.'),sub(length(items('Apply_to_each_2')?['DisplayName']),lastIndexof(items('Apply_to_each_2')?['DisplayName'],'.')))}"}}},"runAfter":{"Get_attachments":["Succeeded"]},"metadata":{"operationMetadataId":"efc670dc-d23d-4d2f-bde7-a634106514aa"},"type":"Foreach"}},"runAfter":{"Initialize_variable_FileExtention":["Succeeded"]},"metadata":{"operationMetadataId":"63c8c0dc-2008-4b02-8933-9f2947a2a021"},"type":"Scope"},"Catch_-_Get_attachments":{"actions":{"Parse_JSON_-_Get_attachments":{"runAfter":{},"metadata":{"operationMetadataId":"1e943301-729f-4e79-8e93-b802bf357479"},"type":"ParseJson","inputs":{"content":"@body('Get_attachments')","schema":{"type":"object","properties":{"status":{"type":"integer"},"message":{"type":"string"},"source":{"type":"string"},"errors":{"type":"array"}}}}},"Log_Error_on_Get_attachments_in_Diagnostics_List":{"runAfter":{"Parse_JSON_-_Get_attachments":["Succeeded"]},"metadata":{"flowSystemMetadata":{"swaggerOperationId":"HttpRequest"},"operationMetadataId":"c03fb6fb-8439-4d32-bfae-469ccec7da5c"},"type":"ApiConnection","inputs":{"host":{"connection":{"name":"@parameters('$connections')['shared_sharepointonline_1']['connectionId']"},"api":{"runtimeUrl":"https://flow-apim-europe-001-westeurope-01.azure-apim.net/apim/sharepointonline"}},"method":"post","body":{"method":"POST","uri":"_api/lists/getbytitle('Diagnostics')/items","headers":{"accept":"application/json;odata=nometadata"},"body":"{\n     \"Title\": 'Sharepoint Routing Flow Error',\n     \"LogType\": 'Error : @{body('Parse_JSON_-_Get_attachments')?['status']}',\n     \"ListItemID\": '@{triggerBody()?['Created']}',\n     \"Message\": 'Message : @{body('Parse_JSON_-_Get_attachments')?['message']}, Source: @{body('Parse_JSON_-_Get_attachments')?['source']}'\n}"},"path":"/datasets/@{encodeURIComponent(encodeURIComponent('https://comphost.sharepoint.com/sites/CRM-DocumentAdmin-',triggerBody()?['CRMEnvironment']))}/httprequest","authentication":"@parameters('$authentication')"}}},"runAfter":{"Try_-_Get_attachments":["Failed","Skipped","TimedOut"]},"metadata":{"operationMetadataId":"1b197c8f-be8c-44db-9455-16ea1f358d33"},"type":"Scope"},"SiteName":{"runAfter":{"Catch_-_Get_attachments":["Skipped"]},"metadata":{"operationMetadataId":"21686dd6-64d3-4093-a60d-1c076b8056b2"},"type":"InitializeVariable","inputs":{"variables":[{"name":"SiteName","type":"String","value":"\"\""}]}},"Apply_to_each":{"foreach":"@body('Get_attachments')","actions":{"Try_-_Get_attachment_content":{"actions":{"Get_attachment_content":{"runAfter":{},"metadata":{"flowSystemMetadata":{"swaggerOperationId":"GetAttachmentContent"},"operationMetadataId":"891764b6-fe03-44c5-a2a2-166cf5e375bc"},"type":"ApiConnection","inputs":{"host":{"connection":{"name":"@parameters('$connections')['shared_sharepointonline_1']['connectionId']"},"api":{"runtimeUrl":"https://flow-apim-europe-001-westeurope-01.azure-apim.net/apim/sharepointonline"}},"method":"get","path":"/datasets/@{encodeURIComponent(encodeURIComponent('https://comphost.sharepoint.com/sites/CRM-DocumentAdmin-',triggerBody()?['CRMEnvironment']))}/tables/@{encodeURIComponent(encodeURIComponent('99288c14-57c2-4a59-acb8-f3fcd19dc9c2'))}/items/@{encodeURIComponent(encodeURIComponent(triggerBody()?['ID']))}/attachments/@{encodeURIComponent(items('Apply_to_each')?['Id'])}/$value","authentication":"@parameters('$authentication')"}}},"runAfter":{},"metadata":{"operationMetadataId":"01b4d45f-7841-4939-b54a-5a8977fa2da9"},"type":"Scope"},"Catch_-_Get_attachment_content":{"actions":{"Parse_JSON_-_Get_attachment_content":{"runAfter":{},"metadata":{"operationMetadataId":"c18e5ef9-9273-428e-b298-a655e155e677"},"type":"ParseJson","inputs":{"content":"@body('Get_attachment_content')","schema":{"type":"object","properties":{"status":{"type":"integer"},"message":{"type":"string"}}}}},"Log_Error_on_Get_attachment_content_in_Diagnostics_List":{"runAfter":{"Parse_JSON_-_Get_attachment_content":["Succeeded"]},"metadata":{"flowSystemMetadata":{"swaggerOperationId":"HttpRequest"},"operationMetadataId":"d0d69c6d-6eed-46eb-9baf-c45f19b92acb"},"type":"ApiConnection","inputs":{"host":{"connection":{"name":"@parameters('$connections')['shared_sharepointonline_1']['connectionId']"},"api":{"runtimeUrl":"https://flow-apim-europe-001-westeurope-01.azure-apim.net/apim/sharepointonline"}},"method":"post","body":{"method":"POST","uri":"_api/lists/getbytitle('Diagnostics')/items","headers":{"accept":"application/json;odata=nometadata"},"body":"{\n     \"Title\": 'Sharepoint Routing Flow Error',\n     \"LogType\": 'Error : @{body('Parse_JSON_-_Get_attachment_content')?['status']}',\n     \"ListItemID\": '@{triggerBody()?['Created']}',\n     \"Message\": 'Message : @{body('Parse_JSON_-_Get_attachment_content')?['message']}'\n}"},"path":"/datasets/@{encodeURIComponent(encodeURIComponent('https://comphost.sharepoint.com/sites/CRM-DocumentAdmin-',triggerBody()?['CRMEnvironment']))}/httprequest","authentication":"@parameters('$authentication')"}}},"runAfter":{"Try_-_Get_attachment_content":["Failed","Skipped","TimedOut"]},"metadata":{"operationMetadataId":"b2494bec-7b60-4ec1-842e-09ad83ad78a9"},"type":"Scope"},"Try_-_Get_SiteName_from_Routing_Configuration_(Get_items)":{"actions":{"Get_SiteName_from_Routing_Configuration_(Get_items)":{"runAfter":{},"metadata":{"flowSystemMetadata":{"swaggerOperationId":"GetItems"},"operationMetadataId":"28c7989a-8114-4830-a27d-f42a349a3905"},"type":"ApiConnection","inputs":{"host":{"connection":{"name":"@parameters('$connections')['shared_sharepointonline_1']['connectionId']"},"api":{"runtimeUrl":"https://flow-apim-europe-001-westeurope-01.azure-apim.net/apim/sharepointonline"}},"method":"get","path":"/datasets/@{encodeURIComponent(encodeURIComponent('https://comphost.sharepoint.com/sites/CRM-DocumentAdmin-',triggerBody()?['CRMEnvironment']))}/tables/@{encodeURIComponent(encodeURIComponent('Routing Configurations'))}/items","queries":{"$filter":"CRMBrand eq '@{triggerBody()?['CRMBrand']}'"},"authentication":"@parameters('$authentication')"}},"Parse_JSON_-_Get_SiteName_from_Routing_Configuration_(Get_items)":{"runAfter":{"Get_SiteName_from_Routing_Configuration_(Get_items)":["Succeeded"]},"metadata":{"operationMetadataId":"b3a6826a-2f8c-42af-b5a5-30f24158f338"},"type":"ParseJson","inputs":{"content":"@body('Get_SiteName_from_Routing_Configuration_(Get_items)')?['value']","schema":{"type":"array","items":{"type":"object","properties":{"@@odata.etag":{"type":"string"},"ItemInternalId":{"type":"string"},"ID":{"type":"integer"},"Title":{"type":"string"},"CRMBrand":{"type":"string"},"TargetSite":{"type":"string"},"Modified":{"type":"string"},"Created":{"type":"string"},"Author":{"type":"object","properties":{"@@odata.type":{"type":"string"},"Claims":{"type":"string"},"DisplayName":{"type":"string"},"Department":{},"JobTitle":{}}},"Author#Claims":{"type":"string"},"Editor":{"type":"object","properties":{"@@odata.type":{"type":"string"},"Claims":{"type":"string"},"DisplayName":{"type":"string"},"Department":{},"JobTitle":{}}},"Editor#Claims":{"type":"string"},"{Identifier}":{"type":"string"},"{IsFolder}":{"type":"boolean"},"{Thumbnail}":{"type":"object","properties":{"Large":{},"Medium":{},"Small":{}}},"{Link}":{"type":"string"},"{Name}":{"type":"string"},"{FilenameWithExtension}":{"type":"string"},"{Path}":{"type":"string"},"{ContentType}":{"type":"object","properties":{"@@odata.type":{"type":"string"},"Id":{"type":"string"},"Name":{"type":"string"}}},"{ContentType}#Id":{"type":"string"},"{HasAttachments}":{"type":"boolean"},"{VersionNumber}":{"type":"string"}},"required":["@@odata.etag","ItemInternalId","ID","Title","CRMBrand","TargetSite","Modified","Created","Author#Claims","Editor#Claims","{Identifier}","{IsFolder}","{Thumbnail}","{Link}","{Name}","{FilenameWithExtension}","{Path}","{ContentType}","{ContentType}#Id","{HasAttachments}","{VersionNumber}"]}}}},"Apply_for_each_-_Set_SiteName_from_JSON_Title":{"foreach":"@body('Parse_JSON_-_Get_SiteName_from_Routing_Configuration_(Get_items)')","actions":{"Set_SiteName":{"runAfter":{},"metadata":{"operationMetadataId":"4bd2ca8c-3071-4512-81e2-d24b298f7c66"},"type":"SetVariable","inputs":{"name":"SiteName","value":"@items('Apply_for_each_-_Set_SiteName_from_JSON_Title')['Title']"}},"Set_TargetSite":{"runAfter":{"Set_SiteName":["Succeeded"]},"metadata":{"operationMetadataId":"4883d07c-4a20-45ac-8166-6ec8b3d0a079"},"type":"SetVariable","inputs":{"name":"TargetSite","value":"@items('Apply_for_each_-_Set_SiteName_from_JSON_Title')['TargetSite']"}}},"runAfter":{"Parse_JSON_-_Get_SiteName_from_Routing_Configuration_(Get_items)":["Succeeded"]},"metadata":{"operationMetadataId":"428869f8-21ee-4599-a5ac-8dfb6a1184d8"},"type":"Foreach"}},"runAfter":{"Catch_-_Get_attachment_content":["Skipped"]},"metadata":{"operationMetadataId":"8ae9e8f3-196f-4961-bfc4-8c2220563c2d"},"type":"Scope"},"Catch_-_Get_SiteName_from_Routing_Configuration_(Get_items)":{"actions":{"Parse_JSON":{"runAfter":{},"metadata":{"operationMetadataId":"a2b6afea-fda2-4031-983f-5cbb50778e95"},"type":"ParseJson","inputs":{"content":"@body('Get_SiteName_from_Routing_Configuration_(Get_items)')","schema":{"type":"object","properties":{"status":{"type":"integer"},"message":{"type":"string"}}}}},"Log_Error_on_Get_SiteName_from_Routing_Configuration_(Get_items)":{"runAfter":{"Parse_JSON":["Succeeded"]},"metadata":{"flowSystemMetadata":{"swaggerOperationId":"HttpRequest"},"operationMetadataId":"294e70d1-ce30-4a44-ab9f-5c0deff1ce87"},"type":"ApiConnection","inputs":{"host":{"connection":{"name":"@parameters('$connections')['shared_sharepointonline_1']['connectionId']"},"api":{"runtimeUrl":"https://flow-apim-europe-001-westeurope-01.azure-apim.net/apim/sharepointonline"}},"method":"post","body":{"method":"POST","uri":"_api/lists/getbytitle('Diagnostics')/items","headers":{"accept":"application/json;odata=nometadata"},"body":"{\n     \"Title\": \"Sharepoint Routing Flow Error\",\n     \"LogType\": \"Error : @{body('Parse_JSON')?['status']}\",\n     \"ListItemID\": \"@{triggerBody()?['Created']}\",\n     \"Message\": \"Message : @{body('Parse_JSON')?['message']}\"\n}"},"path":"/datasets/@{encodeURIComponent(encodeURIComponent('https://comphost.sharepoint.com/sites/CRM-DocumentAdmin-',triggerBody()?['CRMEnvironment']))}/httprequest","authentication":"@parameters('$authentication')"}}},"runAfter":{"Try_-_Get_SiteName_from_Routing_Configuration_(Get_items)":["Failed","Skipped","TimedOut"]},"metadata":{"operationMetadataId":"00c8da71-4653-4b18-a503-5339c6d9643c"},"type":"Scope"},"Try_-_Delete_record_from_the_Routing_Documents_List":{"actions":{"Delete_record_from_the_Routing_Documents_List":{"runAfter":{},"metadata":{"flowSystemMetadata":{"swaggerOperationId":"DeleteItem"},"operationMetadataId":"064be529-a7db-4bd0-8042-5669a98eaa4a"},"type":"ApiConnection","inputs":{"host":{"connection":{"name":"@parameters('$connections')['shared_sharepointonline_1']['connectionId']"},"api":{"runtimeUrl":"https://flow-apim-europe-001-westeurope-01.azure-apim.net/apim/sharepointonline"}},"method":"delete","path":"/datasets/@{encodeURIComponent(encodeURIComponent('https://comphost.sharepoint.com/sites/CRM-DocumentAdmin-',triggerBody()?['CRMEnvironment']))}/tables/@{encodeURIComponent(encodeURIComponent('Routing Documents'))}/items/@{encodeURIComponent(triggerBody()?['ID'])}","authentication":"@parameters('$authentication')"}}},"runAfter":{"Catch_-_Update_file_with_metadata_-_customer_and_vendor":["Skipped"]},"metadata":{"operationMetadataId":"25df0b68-2794-4e6b-a8d8-45e1a6701f59"},"type":"Scope"},"Catch_-_Delete_record_from_the_Routing_Documents_List":{"actions":{"Parse_JSON_-_Delete_record_from_the_Routing_Documents_List":{"runAfter":{},"metadata":{"operationMetadataId":"675fb0fb-6f0c-4d34-a5f1-0be18fcf5296"},"type":"ParseJson","inputs":{"content":"@body('Delete_record_from_the_Routing_Documents_List')","schema":{"type":"object","properties":{"status":{"type":"integer"},"message":{"type":"string"}}}}},"Log_Error_on_Delete_record_from_the_Routing_Documents_List_in_Diagnostics_List":{"runAfter":{"Parse_JSON_-_Delete_record_from_the_Routing_Documents_List":["Succeeded"]},"metadata":{"flowSystemMetadata":{"swaggerOperationId":"HttpRequest"},"operationMetadataId":"b8dcc867-12a0-4ae1-b4d7-3cda1964eaba"},"type":"ApiConnection","inputs":{"host":{"connection":{"name":"@parameters('$connections')['shared_sharepointonline_1']['connectionId']"},"api":{"runtimeUrl":"https://flow-apim-europe-001-westeurope-01.azure-apim.net/apim/sharepointonline"}},"method":"post","body":{"method":"POST","uri":"_api/lists/getbytitle('Diagnostics')/items","headers":{"accept":"application/json;odata=nometadata"},"body":"{\n     \"Title\": \"Sharepoint Routing Flow Error - Delete record fromt the Routing Documents List\",\n     \"LogType\": \"Error : @{body('Parse_JSON_-_Delete_record_from_the_Routing_Documents_List')?['status']}\",\n     \"ListItemID\": \"@{triggerBody()?['Created']}\",\n     \"Message\": \"Message : @{body('Parse_JSON_-_Delete_record_from_the_Routing_Documents_List')?['message']}\"\n}"},"path":"/datasets/@{encodeURIComponent(encodeURIComponent('https://comphost.sharepoint.com/sites/CRM-DocumentAdmin-', triggerBody()?['CRMEnvironment']))}/httprequest","authentication":"@parameters('$authentication')"}}},"runAfter":{"Try_-_Delete_record_from_the_Routing_Documents_List":["Failed","Skipped","TimedOut"]},"metadata":{"operationMetadataId":"3dfb9d3b-1868-4a08-a900-d29de6c6d4d2"},"type":"Scope"},"Try_-_Create_file_-_customer_and_vendor":{"actions":{"Create_file_-_customer_and_vendor":{"runAfter":{},"metadata":{"flowSystemMetadata":{"swaggerOperationId":"CreateFile"},"operationMetadataId":"ed1cc67d-1c00-4913-9765-2d39dc7985e8"},"type":"ApiConnection","inputs":{"host":{"connection":{"name":"@parameters('$connections')['shared_sharepointonline_1']['connectionId']"},"api":{"runtimeUrl":"https://flow-apim-europe-001-westeurope-01.azure-apim.net/apim/sharepointonline"}},"method":"post","body":"@body('Get_attachment_content')","path":"/datasets/@{encodeURIComponent(encodeURIComponent(variables('TargetSite')))}/files","queries":{"folderPath":"/@{triggerBody()?['CRMAccountType']}s/@{variables('FolderName')}","name":"@{triggerBody()?['ID']}-@{variables('SanitizeFileName')}","queryParametersSingleEncoded":true},"authentication":"@parameters('$authentication')"}}},"runAfter":{"Catch_-_Get_SiteName_from_Routing_Configuration_(Get_items)":["Skipped"]},"metadata":{"operationMetadataId":"a20b6641-98d9-4c90-a5da-ec080922ba03"},"type":"Scope"},"Catch_-_Create_file_-_customer_and_vendor":{"actions":{"Parse_JSON_-_Create_file_-_customer_and_vendor":{"runAfter":{},"metadata":{"operationMetadataId":"ecbdc4d7-5fbb-4185-9cca-c1711735aa35"},"type":"ParseJson","inputs":{"content":"@body('Create_file_-_customer_and_vendor')","schema":{"type":"object","properties":{"error":{"type":"object","properties":{"code":{"type":"integer"},"source":{"type":"string"},"clientRequestId":{"type":"string"},"message":{"type":"string"},"innerError":{"type":"object","properties":{"status":{"type":"integer"},"message":{"type":"string"},"source":{"type":"string"},"errors":{"type":"array","items":{"type":"string"}}}}}}}}}},"Log_Error_on_Create_file_-_customer_and_vendor_in_Diagnostics_List":{"runAfter":{"Parse_JSON_-_Create_file_-_customer_and_vendor":["Succeeded"]},"metadata":{"flowSystemMetadata":{"swaggerOperationId":"HttpRequest"},"operationMetadataId":"047bedff-600d-429b-9db7-0d1635b0dcaf"},"type":"ApiConnection","inputs":{"host":{"connection":{"name":"@parameters('$connections')['shared_sharepointonline_1']['connectionId']"},"api":{"runtimeUrl":"https://flow-apim-europe-001-westeurope-01.azure-apim.net/apim/sharepointonline"}},"method":"post","body":{"method":"POST","uri":"_api/lists/getbytitle('Diagnostics')/items","headers":{"accept":"application/json;odata=nometadata"},"body":"{\n     \"Title\": \"Sharepoint Routing Flow Error - Create file - customer and vendor\",\n     \"LogType\": \"Error : @{body('Parse_JSON_-_Create_file_-_customer_and_vendor')?['error']?['code']}\",\n     \"ListItemID\": \"@{triggerBody()?['Created']}\",\n     \"Message\": \"Message : @{body('Parse_JSON_-_Create_file_-_customer_and_vendor')?['error']?['message']}, Source: @{body('Parse_JSON_-_Create_file_-_customer_and_vendor')?['error']?['source']}\"\n}"},"path":"/datasets/@{encodeURIComponent(encodeURIComponent('https://comphost.sharepoint.com/sites/CRM-DocumentAdmin-',triggerBody()?['CRMEnvironment']))}/httprequest","authentication":"@parameters('$authentication')"}}},"runAfter":{"Try_-_Create_file_-_customer_and_vendor":["Failed","Skipped","TimedOut"]},"metadata":{"operationMetadataId":"1fde4197-58d9-4049-9767-d673c95fa1a7"},"type":"Scope"},"Try_-_Update_file_with_metadata_-_customer_and_vendor":{"actions":{"Update_file_with_metadata_-_customer_and_vendor":{"runAfter":{},"metadata":{"flowSystemMetadata":{"swaggerOperationId":"HttpRequest"},"operationMetadataId":"110461e9-d1a5-429a-8788-89a00f71a8f6"},"type":"ApiConnection","inputs":{"host":{"connection":{"name":"@parameters('$connections')['shared_sharepointonline_1']['connectionId']"},"api":{"runtimeUrl":"https://flow-apim-europe-001-westeurope-01.azure-apim.net/apim/sharepointonline"}},"method":"post","body":{"method":"POST","uri":"/_api/web/GetFileByServerRelativeUrl('@{uriPath(variables('TargetSite'))}/@{triggerBody()?['CRMAccountType']}s/@{variables('FolderName')}/@{triggerBody()?['ID']}-@{variables('SanitizeFileName')}')/ListItemAllFields')","headers":{"Accept":"application/json;odata=verbose","X-HTTP-Method":"MERGE","IF-MATCH":"*"},"body":"{\n     'CRMBrand' : '@{triggerBody()?['CRMBrand']}',\n     'CRMAccountType' : '@{triggerBody()?['CRMAccountType']}',\n     'CRMAccountName' : '@{variables('SanitizeAccountName')}',\n     'CRMAccountGUID' : '@{triggerBody()?['CRMAccountGUID']}',\n     'CRMMDID' : '@{triggerBody()?['CRMMDID']}',\n     'CRMEntity' : '@{triggerBody()?['CRMEntity']}',\n     'CRMRecordName' : '@{variables('SanitizeRecordName')}',\n     'CRMRecordGUID' : '@{triggerBody()?['CRMRecordGUID']}',\n     'CRMEnvironment' : '@{triggerBody()?['CRMEnvironment']}',\n     'h10a2a0262f1413c9a56683af8e57896' : '-1:#@{triggerBody()?['CRMDocumentTypeTag']?['Value']}','CRMEmailGUID' : '@{triggerBody()?['CRMEmailGUID']}','CRMHierarchyGUID':'@{triggerBody()?['CRMHierarchyGUID']}',\n'Title':'@{variables('SanitizeFileName')}'}"},"path":"/datasets/@{encodeURIComponent(encodeURIComponent(variables('TargetSite')))}/httprequest","authentication":"@parameters('$authentication')"}}},"runAfter":{"Catch_-_Create_file_-_customer_and_vendor":["Skipped"]},"metadata":{"operationMetadataId":"e336f1f0-9816-413d-b1a1-61be408f87c1"},"type":"Scope"},"Catch_-_Update_file_with_metadata_-_customer_and_vendor":{"actions":{"Parse_JSON_-_Update_file_with_metadata_-_customer_and_vendor":{"runAfter":{},"metadata":{"operationMetadataId":"e3792791-b369-4167-80ac-c2d6091c1847"},"type":"ParseJson","inputs":{"content":"@body('Update_file_with_metadata_-_customer_and_vendor')","schema":{"type":"object","properties":{"status":{"type":"integer"},"message":{"type":"string"},"source":{"type":"string"},"errors":{"type":"array","items":{"type":"string"}}}}}},"Log_Error_on_Update_file_with_metadata_-_customer_and_vendor_in_Diagnostics_List":{"runAfter":{"Parse_JSON_-_Update_file_with_metadata_-_customer_and_vendor":["Succeeded"]},"metadata":{"flowSystemMetadata":{"swaggerOperationId":"HttpRequest"},"operationMetadataId":"7ee3a957-9811-4c94-92b0-40dc3c58410d"},"type":"ApiConnection","inputs":{"host":{"connection":{"name":"@parameters('$connections')['shared_sharepointonline_1']['connectionId']"},"api":{"runtimeUrl":"https://flow-apim-europe-001-westeurope-01.azure-apim.net/apim/sharepointonline"}},"method":"post","body":{"method":"POST","uri":"_api/lists/getbytitle('Diagnostics')/items","headers":{"accept":"application/json;odata=nometadata"},"body":"{\n     \"Title\": \"Sharepoint Routing Flow Error - Update file with metadata - customer and vendor\",\n     \"LogType\": \"Error : @{body('Parse_JSON_-_Update_file_with_metadata_-_customer_and_vendor')?['status']}\",\n     \"ListItemID\": \"@{triggerBody()?['Created']}\",\n     \"Message\": \"Message : @{body('Parse_JSON_-_Update_file_with_metadata_-_customer_and_vendor')?['message']}, Source: @{body('Parse_JSON_-_Update_file_with_metadata_-_customer_and_vendor')?['source']}\"\n}"},"path":"/datasets/@{encodeURIComponent(encodeURIComponent('https://comphost.sharepoint.com/sites/CRM-DocumentAdmin-', triggerBody()?['CRMEnvironment']))}/httprequest","authentication":"@parameters('$authentication')"}}},"runAfter":{"Try_-_Update_file_with_metadata_-_customer_and_vendor":["Failed","Skipped","TimedOut"]},"metadata":{"operationMetadataId":"8422a9a2-4b39-4f9f-b7e3-78df10053ce0"},"type":"Scope"}},"runAfter":{"Check_if_CRM_Entity_is_null":["Succeeded"]},"metadata":{"operationMetadataId":"54b31e02-d4d1-4690-b8d9-3f2b4ac2c728"},"type":"Foreach"},"FolderName":{"runAfter":{"Add_extension_to_sanitized_filename":["Succeeded"]},"metadata":{"operationMetadataId":"79832eae-2183-4f26-827e-990a735a18fd"},"type":"InitializeVariable","inputs":{"variables":[{"name":"FolderName","type":"String","value":"@variables('SanitizeFolderName')"}]}},"Wait_until_all_attachments_are_properly_saved_on_the_item":{"runAfter":{},"metadata":{"operationMetadataId":"dc0e8266-b357-4ba6-8301-11b560218382"},"type":"Wait","inputs":{"interval":{"count":1,"unit":"Minute"}}},"Initialize_variable_SanitizeFolderName":{"runAfter":{"Initialize_variable_temp_sanitizefoldername":["Succeeded"]},"metadata":{"operationMetadataId":"9af0af54-f5f1-47a1-8869-1c992074ac8f"},"type":"InitializeVariable","inputs":{"variables":[{"name":"SanitizeFolderName","type":"String","value":"@{triggerBody()?['CRMAccountName']} - @{triggerBody()?['CRMAccountGUID']}"}]}},"Initialize_variable_InvalidCharacters_array":{"runAfter":{"TargetSite":["Succeeded"]},"metadata":{"operationMetadataId":"73c2aa3b-918c-4466-9217-71e4ee076ee4"},"type":"InitializeVariable","inputs":{"variables":[{"name":"InvalidCharacters","type":"Array","value":"@createArray('~','#','%','&','*','{','}','\\',':','<','>','?','/','+','|','\"', '´','.','_','''')"}]}},"Initialize_variable_SanitizeRecordFolderName":{"runAfter":{"Initialize_variable_temp_sanitizerecordfoldername":["Succeeded"]},"metadata":{"operationMetadataId":"71d87787-c336-4da9-aa81-565b377f86b7"},"type":"InitializeVariable","inputs":{"variables":[{"name":"SanitizeRecordFolderName","type":"String","value":"@{triggerBody()?['CRMRecordName']} - @{triggerBody()?['CRMRecordGUID']}"}]}},"Apply_to_each_invalid_character_and_set_variables":{"foreach":"@variables('InvalidCharacters')","actions":{"Set_variable_SanitizeFolderName":{"runAfter":{"Set_variable_temp_sanitizefoldername":["Succeeded"]},"metadata":{"operationMetadataId":"9ef6b49b-9b87-4619-8b6f-8cdbe24657d0"},"type":"SetVariable","inputs":{"name":"SanitizeFolderName","value":"@variables('temp_sanitizefoldername')"}},"Set_variable_SanitizeRecordFolderName":{"runAfter":{"Set_variable_temp_sanitizerecordfoldername":["Succeeded"]},"metadata":{"operationMetadataId":"4d428249-a3a0-4413-8588-0b3425f6657a"},"type":"SetVariable","inputs":{"name":"SanitizeRecordFolderName","value":"@variables('temp_sanitizerecordfoldername')"}},"Set_variable_SanitizeAccountName":{"runAfter":{"Set_variable_temp_sanitizeaccountname":["Succeeded"]},"metadata":{"operationMetadataId":"a9b46e06-e30b-44ca-9f8c-6cee50dbf7bb"},"type":"SetVariable","inputs":{"name":"SanitizeAccountName","value":"@variables('temp_sanitizeaccountname')"}},"Set_variable_temp_sanitizerecordname":{"runAfter":{"Set_variable_SanitizeRecordFolderName":["Succeeded"]},"metadata":{"operationMetadataId":"905d64d8-00eb-46b6-995a-cffebc10b3db"},"type":"SetVariable","inputs":{"name":"temp_sanitizerecordname","value":"@{replace(variables('SanitizeRecordName'), item(), '')}"}},"Set_variable_SanitizeRecordName":{"runAfter":{"Set_variable_temp_sanitizerecordname":["Succeeded"]},"metadata":{"operationMetadataId":"fb6a59b2-e0d9-4a0f-84c9-1aab0014aea2"},"type":"SetVariable","inputs":{"name":"SanitizeRecordName","value":"@variables('temp_sanitizerecordname')"}},"Set_variable_temp_filename":{"runAfter":{"Set_variable_SanitizeRecordName":["Succeeded"]},"metadata":{"operationMetadataId":"60eff74e-cee4-4b5a-bae9-95c9fc0de3eb"},"type":"SetVariable","inputs":{"name":"temp_filename","value":"@{replace(variables('SanitizeFileName'), item(), '')}"}},"Set_variable_SanitizeFileName":{"runAfter":{"Set_variable_temp_filename":["Succeeded"]},"metadata":{"operationMetadataId":"d2813131-6d0c-4a56-a17b-535da10a9a85"},"type":"SetVariable","inputs":{"name":"SanitizeFileName","value":"@variables('temp_filename')"}},"Set_variable_temp_sanitizeaccountname":{"runAfter":{},"metadata":{"operationMetadataId":"5938576f-16cd-4dad-9411-e5f83dba64a4"},"type":"SetVariable","inputs":{"name":"temp_sanitizeaccountname","value":"@{replace(variables('SanitizeAccountName'), item(), '')}"}},"Set_variable_temp_sanitizefoldername":{"runAfter":{"Set_variable_SanitizeAccountName":["Succeeded"]},"metadata":{"operationMetadataId":"e25b1789-a814-4ab4-af3b-8daba617d386"},"type":"SetVariable","inputs":{"name":"temp_sanitizefoldername","value":"@{replace(variables('SanitizeFolderName'), item(), '')}"}},"Set_variable_temp_sanitizerecordfoldername":{"runAfter":{"Set_variable_SanitizeFolderName":["Succeeded"]},"metadata":{"operationMetadataId":"dd47bc6b-c5c7-4012-861a-9754a24f3ac9"},"type":"SetVariable","inputs":{"name":"temp_sanitizerecordfoldername","value":"@{replace(variables('SanitizeRecordFolderName'), item(), '')}"}}},"runAfter":{"Initialize_variable_SanitizeFileName":["Succeeded"]},"metadata":{"operationMetadataId":"b94526f5-04db-44f0-bb24-668dddfb00bb"},"type":"Foreach"},"Initialize_variable_SanitizeAccountName":{"runAfter":{"Initialize_variable_temp_sanitizeaccountname":["Succeeded"]},"metadata":{"operationMetadataId":"9e48d4f7-0f50-4550-b597-a5310fd7ecd1"},"type":"InitializeVariable","inputs":{"variables":[{"name":"SanitizeAccountName","type":"String","value":"@triggerBody()?['CRMAccountName']"}]}},"Initialize_variable_NoExtentionName":{"runAfter":{"Wait_until_all_attachments_are_properly_saved_on_the_item":["Succeeded"]},"metadata":{"operationMetadataId":"6156707a-8b3f-4fbb-b88b-85714264dddd"},"type":"InitializeVariable","inputs":{"variables":[{"name":"NoExtensionName","type":"String"}]}},"Initialize_variable_SanitizeRecordName":{"runAfter":{"Initialize_variable_temp_sanitizerecordname":["Succeeded"]},"metadata":{"operationMetadataId":"3c8e9bd4-8eed-45ce-89d9-ffece5f280b9"},"type":"InitializeVariable","inputs":{"variables":[{"name":"SanitizeRecordName","type":"String","value":"@triggerBody()?['CRMRecordName']"}]}},"Check_if_CRM_Entity_is_null":{"actions":{},"runAfter":{"FolderName":["Succeeded"]},"else":{"actions":{"Check_if_CRM_Entity_is_Opportunity":{"actions":{"Set_Folder_Name_-_Opportunity":{"runAfter":{},"metadata":{"operationMetadataId":"2e2c68d5-e34a-4ef4-b2b2-0cf763652aac"},"type":"SetVariable","inputs":{"name":"FolderName","value":"@{variables('SanitizeFolderName')}/Opportunities/@{variables('SanitizeRecordFolderName')}"}}},"runAfter":{},"else":{"actions":{"Set_Folder_Name_-_CreditApplication_and_CIA":{"runAfter":{},"metadata":{"operationMetadataId":"329c6e92-15bb-49e3-a795-38bfafa6eb94"},"type":"SetVariable","inputs":{"name":"FolderName","value":"@{variables('SanitizeFolderName')}/@{triggerBody()?['CRMEntity']}s/@{variables('SanitizeRecordFolderName')}"}}}},"expression":{"or":[{"equals":["@triggerBody()?['CRMEntity']","Opportunity"]},{"equals":["@triggerBody()?['CRMEntity']","opportunity"]}]},"metadata":{"operationMetadataId":"e3ff7c01-cfb5-4ab2-8055-d8da76dbc5ea"},"type":"If"}}},"expression":{"equals":["@triggerBody()?['CRMEntity']","@null"]},"metadata":{"operationMetadataId":"57e343ce-f806-4aa1-8d09-87dfd4d9a63d"},"type":"If","description":"If there are no CRM Entity specified, there should not be created any subfolders in the customer and vendor folder."},"Initialize_variable_SanitizeFileName":{"runAfter":{"Initialize_variable_temp_filename":["Succeeded"]},"metadata":{"operationMetadataId":"0adecb38-550f-4bf1-a494-d7d4698e479b"},"type":"InitializeVariable","inputs":{"variables":[{"name":"SanitizeFileName","type":"string","value":"@variables('NoExtensionName')"}]}},"Initialize_variable_temp_sanitizeaccountname":{"runAfter":{"Initialize_variable_InvalidCharacters_array":["Succeeded"]},"metadata":{"operationMetadataId":"a3e9e7a0-57af-4d0a-84ba-93783c3e26d9"},"type":"InitializeVariable","inputs":{"variables":[{"name":"temp_sanitizeaccountname","type":"String"}]}},"Initialize_variable_temp_sanitizefoldername":{"runAfter":{"Initialize_variable_SanitizeAccountName":["Succeeded"]},"metadata":{"operationMetadataId":"dda50c92-8b4c-41e2-9f44-7f29201701f2"},"type":"InitializeVariable","inputs":{"variables":[{"name":"temp_sanitizefoldername","type":"String"}]}},"Initialize_variable_temp_sanitizerecordfoldername":{"runAfter":{"Initialize_variable_SanitizeFolderName":["Succeeded"]},"metadata":{"operationMetadataId":"7d69d203-0ce1-466a-b382-832ede0ffa63"},"type":"InitializeVariable","inputs":{"variables":[{"name":"temp_sanitizerecordfoldername","type":"String"}]}},"Initialize_variable_temp_sanitizerecordname":{"runAfter":{"Initialize_variable_SanitizeRecordFolderName":["Succeeded"]},"metadata":{"operationMetadataId":"2126a767-2365-4fa1-80fa-5962a10225a0"},"type":"InitializeVariable","inputs":{"variables":[{"name":"temp_sanitizerecordname","type":"String"}]}},"Initialize_variable_temp_filename":{"runAfter":{"Initialize_variable_SanitizeRecordName":["Succeeded"]},"metadata":{"operationMetadataId":"96ba2f51-d23e-42a5-8aaa-7ba8106a4d4f"},"type":"InitializeVariable","inputs":{"variables":[{"name":"temp_filename","type":"string"}]}},"Initialize_variable_FileExtention":{"runAfter":{"Initialize_variable_NoExtentionName":["Succeeded"]},"metadata":{"operationMetadataId":"ac13d319-0fee-432e-afac-712ab0d66f57"},"type":"InitializeVariable","inputs":{"variables":[{"name":"FileExtention","type":"string"}]}},"Add_extension_to_sanitized_filename":{"runAfter":{"Apply_to_each_invalid_character_and_set_variables":["Succeeded"]},"metadata":{"operationMetadataId":"1d576344-6fea-4198-bd0c-cd2b16898bd7"},"type":"SetVariable","inputs":{"name":"SanitizeFileName","value":"@{variables('temp_filename')}@{variables('FileExtention')}"}},"TargetSite":{"runAfter":{"SiteName":["Succeeded"]},"metadata":{"operationMetadataId":"e191dbac-bcb3-4556-9006-bd0d7755998d"},"type":"InitializeVariable","inputs":{"variables":[{"name":"TargetSite","type":"string"}]}}},"outputs":{},"description":"Define a custom action to happen for a selected file. It could be sending an email, copying the file to a folder or web service, or something else. You decide. To run this flow, select a file and choose this flow from the Flow menu."},"connectionReferences":{"shared_sharepointonline_1":{"connectionName":"shared-sharepointonl-2ee43491-daea-4269-be69-b627-6930a97a","source":"Embedded","id":"/providers/Microsoft.PowerApps/apis/shared_sharepointonline","tier":"NotSpecified","apiName":"sharepointonline"}},"flowFailureAlertSubscribed":false,"isManaged":false}}