{"name":"6144a424-75f5-4190-b35c-ddad9b8295b8","id":"/providers/Microsoft.Flow/flows/6144a424-75f5-4190-b35c-ddad9b8295b8","type":"Microsoft.Flow/flows","properties":{"apiId":"/providers/Microsoft.PowerApps/apis/shared_logicflows","displayName":"TDH - Get CRM Document Type Tags Flow","definition":{"metadata":{"workflowEntityId":null,"processAdvisorMetadata":null,"flowclientsuspensionreason":"None","flowclientsuspensiontime":null,"flowclientsuspensionreasondetails":null,"creator":{"id":"25127046-2e6b-40a0-beaa-6d1fc1e946ff","type":"User","tenantId":"424cbc54-76e1-4e68-ba4c-e65849b57091"},"provisioningMethod":"FromDefinition","failureAlertSubscription":true,"clientLastModifiedTime":"2022-08-31T12:27:26.1600179Z"},"$schema":"https://schema.management.azure.com/providers/Microsoft.Logic/schemas/2016-06-01/workflowdefinition.json#","contentVersion":"1.0.0.0","parameters":{"$connections":{"defaultValue":{},"type":"Object"},"$authentication":{"defaultValue":{},"type":"SecureObject"}},"triggers":{"manual":{"metadata":{"operationMetadataId":"15d0ab6c-6da5-4149-9cea-d32d3abf0712"},"type":"Request","kind":"PowerApp","inputs":{"schema":{"type":"object","properties":{"Environment_Value":{"type":"string","description":"Enter initial value. This parameter is used as part of \"CAC4615A-23D3-40E6-BD83-029D0E5EF88C\"","x-ms-powerflows-param-ispartial":true}},"required":["Environment_Value"]}}}},"actions":{"Get_FormDigestValue_from_SharePoint":{"runAfter":{"Environment":["Succeeded"]},"metadata":{"flowSystemMetadata":{"swaggerOperationId":"HttpRequest"},"operationMetadataId":"387f7d25-c539-4064-92c7-dc536312c9f1"},"type":"ApiConnection","inputs":{"host":{"connection":{"name":"@json(decodeBase64(triggerOutputs().headers['X-MS-APIM-Tokens']))['$connections']['shared_sharepointonline_1']['connectionId']"},"api":{"runtimeUrl":"https://flow-apim-europe-001-westeurope-01.azure-apim.net/apim/sharepointonline"}},"method":"post","body":{"method":"POST","uri":"_api/contextinfo","headers":{"accept":"application/json;odata=verbose"}},"path":"/datasets/@{encodeURIComponent(encodeURIComponent(variables('Env')))}/httprequest","authentication":{"type":"Raw","value":"@json(decodeBase64(triggerOutputs().headers['X-MS-APIM-Tokens']))['$ConnectionKey']"}}},"Get_Terms":{"runAfter":{"Parse_JSON":["Succeeded"]},"metadata":{"flowSystemMetadata":{"swaggerOperationId":"HttpRequest"},"operationMetadataId":"d502a153-9ad2-4175-bcfe-ddefb292f74a"},"type":"ApiConnection","inputs":{"host":{"connection":{"name":"@json(decodeBase64(triggerOutputs().headers['X-MS-APIM-Tokens']))['$connections']['shared_sharepointonline_1']['connectionId']"},"api":{"runtimeUrl":"https://flow-apim-europe-001-westeurope-01.azure-apim.net/apim/sharepointonline"}},"method":"post","body":{"method":"POST","uri":"/_vti_bin/client.svc/ProcessQuery","headers":{"X-RequestDigest":"@body('Parse_JSON')?['d']?['GetContextWebInformation']?['FormDigestValue']"},"body":"<Request AddExpandoFieldTypeSuffix=\"true\" SchemaVersion=\"15.0.0.0\" LibraryVersion=\"16.0.0.0\" ApplicationName=\".NET Library\" xmlns=\"http://schemas.microsoft.com/sharepoint/clientquery/2009\">\n  <Actions>\n    <ObjectPath Id=\"2\" ObjectPathId=\"1\" />\n    <ObjectIdentityQuery Id=\"3\" ObjectPathId=\"1\" />\n    <ObjectPath Id=\"5\" ObjectPathId=\"4\" />\n    <ObjectIdentityQuery Id=\"6\" ObjectPathId=\"4\" />\n    <ObjectPath Id=\"8\" ObjectPathId=\"7\" />\n    <ObjectIdentityQuery Id=\"9\" ObjectPathId=\"7\" />\n    <ObjectPath Id=\"11\" ObjectPathId=\"10\" />\n    <Query Id=\"12\" ObjectPathId=\"10\">\n      <Query SelectAllProperties=\"true\">\n        <Properties />\n      </Query>\n      <ChildItemQuery SelectAllProperties=\"true\">\n        <Properties />\n      </ChildItemQuery>\n    </Query>\n  </Actions>\n  <ObjectPaths>\n    <StaticMethod Id=\"1\" Name=\"GetTaxonomySession\" TypeId=\"{981cbc68-9edc-4f8d-872f-71146fcbb84f}\" />\n    <Method Id=\"4\" ParentId=\"1\" Name=\"GetDefaultKeywordsTermStore\" />\n    <Method Id=\"7\" ParentId=\"4\" Name=\"GetTermSet\">\n      <Parameters>\n        <Parameter Type=\"Guid\">1271b920-42de-42b4-a700-675cb659cff6</Parameter>\n      </Parameters>\n    </Method>\n    <Method Id=\"10\" ParentId=\"7\" Name=\"GetAllTerms\" />\n  </ObjectPaths>\n</Request>"},"path":"/datasets/@{encodeURIComponent(encodeURIComponent(variables('Env')))}/httprequest","authentication":{"type":"Raw","value":"@json(decodeBase64(triggerOutputs().headers['X-MS-APIM-Tokens']))['$ConnectionKey']"}}},"Parse_JSON":{"runAfter":{"Get_FormDigestValue_from_SharePoint":["Succeeded"]},"metadata":{"operationMetadataId":"78aa21e8-f104-4279-9292-f20e46e654b1"},"type":"ParseJson","inputs":{"content":"@body('Get_FormDigestValue_from_SharePoint')","schema":{"type":"object","properties":{"d":{"type":"object","properties":{"GetContextWebInformation":{"type":"object","properties":{"__metadata":{"type":"object","properties":{"type":{"type":"string"}}},"FormDigestTimeoutSeconds":{"type":"integer"},"FormDigestValue":{"type":"string"},"LibraryVersion":{"type":"string"},"SiteFullUrl":{"type":"string"},"SupportedSchemaVersions":{"type":"object","properties":{"__metadata":{"type":"object","properties":{"type":{"type":"string"}}},"results":{"type":"array","items":{"type":"string"}}}},"WebFullUrl":{"type":"string"}}}}}}}}},"Response":{"runAfter":{"Get_Terms":["Succeeded"]},"metadata":{"operationMetadataId":"34109533-a0ac-4935-b279-0e92de1da108"},"type":"Response","kind":"Http","inputs":{"statusCode":200,"body":"@last(body('Get_Terms'))","schema":{"type":"object","properties":{"_ObjectType_":{"type":"string"},"_Child_Items_":{"type":"array","items":{"type":"object","properties":{"_ObjectType_":{"type":"string"},"_ObjectIdentity_":{"type":"string"},"CreatedDate":{"type":"string"},"Id":{"type":"string"},"LastModifiedDate":{"type":"string"},"Name":{"type":"string"},"CustomProperties":{"type":"object","properties":{}},"IsAvailableForTagging":{"type":"boolean"},"Owner":{"type":"string"},"Description":{"type":"string"},"IsDeprecated":{"type":"boolean"},"IsKeyword":{"type":"boolean"},"IsPinned":{"type":"boolean"},"IsPinnedRoot":{"type":"boolean"},"IsReused":{"type":"boolean"},"IsRoot":{"type":"boolean"},"IsSourceTerm":{"type":"boolean"},"LocalCustomProperties":{"type":"object","properties":{}},"MergedTermIds":{"type":"array","items":{"type":"string"}},"PathOfTerm":{"type":"string"},"TermsCount":{"type":"integer"}},"required":["_ObjectType_","_ObjectIdentity_","CreatedDate","Id","LastModifiedDate","Name","CustomProperties","CustomSortOrder","IsAvailableForTagging","Owner","Description","IsDeprecated","IsKeyword","IsPinned","IsPinnedRoot","IsReused","IsRoot","IsSourceTerm","LocalCustomProperties","MergedTermIds","PathOfTerm","TermsCount"]}}}}}},"Environment":{"runAfter":{},"metadata":{"operationMetadataId":"a4b153e5-c43a-405a-b1fa-b9520f80756a"},"type":"InitializeVariable","inputs":{"variables":[{"name":"Env","type":"String","value":"https://comphost.sharepoint.com/sites/CRM-DocumentAdmin-@{triggerBody()['Environment_Value']}"}]}}}},"connectionReferences":{"shared_sharepointonline_1":{"connectionName":"shared-sharepointonl-2ee43491-daea-4269-be69-b627-6930a97a","source":"Invoker","id":"/providers/Microsoft.PowerApps/apis/shared_sharepointonline","tier":"NotSpecified","apiName":"sharepointonline"}},"flowFailureAlertSubscribed":false,"isManaged":false}}