{"schemaVersion":"1.0","appDefinitionTemplate":{"id":"/providers/Microsoft.PowerApps/apps/","type":"Microsoft.PowerApps/apps","tags":{"primaryDeviceWidth":"1366","primaryDeviceHeight":"768","sienaVersion":"20200319T144332Z-3.20023.4.0","deviceCapabilities":"","supportsPortrait":"false","supportsLandscape":"true","primaryFormFactor":"Tablet","publisherVersion":"3.20023.4","minimumRequiredApiVersion":"2.2.0","hasComponent":"false","hasUnlockedComponent":"false"},"properties":{"appVersion":"2020-03-19T14:43:32Z","lifeCycleId":"Published","createdByClientVersion":{"major":3,"minor":20023,"build":4,"revision":0,"majorRevision":0,"minorRevision":0},"minClientVersion":{"major":3,"minor":20023,"build":4,"revision":0,"majorRevision":0,"minorRevision":0},"backgroundColor":"rgba(251, 101, 60, 1)","backgroundImageUri":"/4686030720561225109/N1e2f1eb0-4654-41ba-8e4a-f955fc0c90d4-logoSmallFile","displayName":"DBC - TDH Integration","description":"DBC - TDH Integration by stma demo (c)2020\n","commitMessage":"","appUris":{"documentUri":{"value":"/4686030720561225109/N3240765f-978f-4abf-b27c-2a91c79100a6-document.msapp"},"imageUris":[],"additionalUris":[]},"createdTime":"0001-01-01T00:00:00Z","lastModifiedTime":"0001-01-01T00:00:00Z","sharedGroupsCount":0,"sharedUsersCount":0,"connectionReferences":{},"databaseReferences":{},"almMode":"Environment","performanceOptimizationEnabled":false,"canConsumeAppPass":true,"executionRestrictions":{"isTeamsOnly":false,"dataLossPreventionEvaluationResult":{"status":"Compliant","lastEvaluationDate":"2020-11-01T05:39:27.0209081Z","violationDetails":[]}}},"isAppComponentLibrary":false,"appType":"ClassicCanvasApp","appComponents":[]}}