{"schemaVersion":"1.0","appDefinitionTemplate":{"id":"/providers/Microsoft.PowerApps/apps/","type":"Microsoft.PowerApps/apps","tags":{"primaryDeviceWidth":"640","primaryDeviceHeight":"1136","sienaVersion":"20190917T112829Z-3.19091.18.0","deviceCapabilities":"","supportsPortrait":"true","supportsLandscape":"false","primaryFormFactor":"Phone","publisherVersion":"3.19091.18","minimumRequiredApiVersion":"2.2.0","hasComponent":"false"},"properties":{"appVersion":"2019-09-17T11:28:29Z","lifeCycleId":"Published","createdByClientVersion":{"major":3,"minor":19091,"build":18,"revision":0,"majorRevision":0,"minorRevision":0},"minClientVersion":{"major":3,"minor":19091,"build":18,"revision":0,"majorRevision":0,"minorRevision":0},"backgroundColor":"rgba(0, 176, 240, 1)","backgroundImageUri":"/8061676294106174007/N161a2699-2cca-4d01-aea2-68cbc99cb776-logoSmallFile","displayName":"stma-testApp-RoutingDocuments","description":"","commitMessage":"","appUris":{"documentUri":{"value":"/8061676294106174007/Naba122a3-89aa-4f8c-a401-46d820334993-document.msapp"},"imageUris":[],"additionalUris":[]},"createdTime":"0001-01-01T00:00:00Z","lastModifiedTime":"0001-01-01T00:00:00Z","sharedGroupsCount":0,"sharedUsersCount":0,"connectionReferences":{"fe2ded46-cb06-48ee-909e-92e66921fca0":{"id":"2b3438fb-ec69-49e7-bcd0-5a5983fc5942","displayName":"SharePoint","iconUri":"https://connectoricons-prod.azureedge.net/sharepointonline/icon_1.0.1234.1648.png","dataSources":["Routing Documents"],"dependencies":[],"dependents":[],"parameterHints":{},"isOnPremiseConnection":false,"dataSets":{"https://comphost.sharepoint.com/sites/CRM-DocumentAdmin-D":{"dataSources":{"Routing Documents":{"tableName":"b6e0a367-1e97-4322-b864-800cb6982d86"}}}},"apiTier":"Standard","isCustomApiConnection":false,"actions":["providers/PowerPlatform.Governance/Operations/Read","providers/PowerPlatform.Governance/Operations/Write","providers/PowerPlatform.Governance/Operations/Delete"]}},"databaseReferences":{},"almMode":"Environment","performanceOptimizationEnabled":true,"executionRestrictions":{"isTeamsOnly":false,"dataLossPreventionEvaluationResult":{"status":"Compliant","lastEvaluationDate":"2020-11-01T05:39:25.8475103Z","violationDetails":[]}}},"appType":"ClassicCanvasApp","appComponents":[]}}