{"name":"fcbfa51b-c21c-44a7-953a-d3306873213d","id":"/providers/Microsoft.Flow/flows/fcbfa51b-c21c-44a7-953a-d3306873213d","type":"Microsoft.Flow/flows","properties":{"apiId":"/providers/Microsoft.PowerApps/apis/shared_logicflows","displayName":"TDH - Get Wopi Frame Url Flow","definition":{"metadata":{"workflowEntityId":null,"processAdvisorMetadata":null,"flowclientsuspensionreason":"None","flowclientsuspensiontime":null,"creator":{"id":"25127046-2e6b-40a0-beaa-6d1fc1e946ff","type":"User","tenantId":"424cbc54-76e1-4e68-ba4c-e65849b57091"},"provisioningMethod":"FromDefinition","failureAlertSubscription":true,"clientLastModifiedTime":"2022-06-30T08:33:56.7230114Z"},"$schema":"https://schema.management.azure.com/providers/Microsoft.Logic/schemas/2016-06-01/workflowdefinition.json#","contentVersion":"1.0.0.0","parameters":{"$connections":{"defaultValue":{},"type":"Object"},"$authentication":{"defaultValue":{},"type":"SecureObject"}},"triggers":{"manual":{"metadata":{"operationMetadataId":"c1c5fde8-950b-4f1c-8556-5138883a4859"},"type":"Request","kind":"PowerApp","inputs":{"schema":{"type":"object","properties":{"Env_Value":{"type":"string"},"Brand_Value":{"type":"string"},"ListId_Value":{"type":"string"},"ListItemId_Value":{"type":"string"}},"required":["Env_Value","Brand_Value","ListId_Value","ListItemId_Value"]}}}},"actions":{"Try":{"actions":{"Get_WOPI_frame_url":{"runAfter":{},"metadata":{"flowSystemMetadata":{"swaggerOperationId":"HttpRequest"},"operationMetadataId":"e4bd7990-1253-48c4-a780-58178a5475fa"},"type":"ApiConnection","inputs":{"host":{"connection":{"name":"@json(decodeBase64(triggerOutputs().headers['X-MS-APIM-Tokens']))['$connections']['shared_sharepointonline_1']['connectionId']"},"api":{"runtimeUrl":"https://flow-apim-europe-001-westeurope-01.azure-apim.net/apim/sharepointonline"}},"method":"post","body":{"method":"POST","uri":"_api/web/lists('@{triggerBody()['ListId_Value']}')/items('@{triggerBody()['ListItemId_Value']}')/getWOPIFrameUrl(0)","headers":{"accept":"application/json;odata=nometadata"}},"path":"/datasets/@{encodeURIComponent(encodeURIComponent('https://comphost.sharepoint.com/sites/',first(body('Get_Routing_Config')?['value'])?['Title'],'/'))}/httprequest","authentication":{"type":"Raw","value":"@json(decodeBase64(triggerOutputs().headers['X-MS-APIM-Tokens']))['$ConnectionKey']"}}},"Response":{"runAfter":{"Get_WOPI_frame_url":["Succeeded"]},"metadata":{"operationMetadataId":"af0c7c1b-4b0b-4dee-8777-a8fe179f0900"},"type":"Response","kind":"Http","inputs":{"statusCode":200,"body":"@body('Get_WOPI_frame_url')","schema":{"type":"object","properties":{"value":{"type":"string"}}}}}},"runAfter":{"Get_Routing_Config":["Succeeded"]},"metadata":{"operationMetadataId":"b535e864-f82e-42d2-9c5f-94dd93f20261"},"type":"Scope"},"Catch":{"actions":{"Parse_JSON":{"runAfter":{},"metadata":{"operationMetadataId":"a95b366b-baa9-4f28-9992-834363ba596a"},"type":"ParseJson","inputs":{"content":"@body('Get_WOPI_frame_url')","schema":{"type":"object","properties":{"status":{"type":"integer"},"message":{"type":"string"},"source":{"type":"string"},"errors":{"type":"array"}}}}},"Log_error":{"runAfter":{"Parse_JSON":["Succeeded"]},"metadata":{"flowSystemMetadata":{"swaggerOperationId":"HttpRequest"},"operationMetadataId":"ebb69727-98a2-48ef-b53b-497cb29a25d8"},"type":"ApiConnection","inputs":{"host":{"connection":{"name":"@json(decodeBase64(triggerOutputs().headers['X-MS-APIM-Tokens']))['$connections']['shared_sharepointonline_1']['connectionId']"},"api":{"runtimeUrl":"https://flow-apim-europe-001-westeurope-01.azure-apim.net/apim/sharepointonline"}},"method":"post","body":{"method":"POST","uri":"_api/lists/getbytitle('Diagnostics')/items","headers":{"accept":"application/json;odata=nometadata"},"body":"{\n    \"Title\": 'Get WOPI frame url Flow Error',\n    \"LogType\": 'Error: @{body('Parse_JSON')?['status']}',\n    \"ListItemID\": '@{triggerBody()['ListId_Value']}: @{triggerBody()['ListItemId_Value']}',\n    \"Message\": '@{body('Parse_JSON')?['message']}'\n}"},"path":"/datasets/@{encodeURIComponent(encodeURIComponent('https://comphost.sharepoint.com/sites/CRM-DocumentAdmin-',triggerBody()['Env_Value']))}/httprequest","authentication":{"type":"Raw","value":"@json(decodeBase64(triggerOutputs().headers['X-MS-APIM-Tokens']))['$ConnectionKey']"}}},"Terminate":{"runAfter":{"Log_error":["Succeeded"]},"metadata":{"operationMetadataId":"4098729c-49cf-4260-ab0b-e28a285a232d"},"type":"Terminate","inputs":{"runStatus":"Failed","runError":{"code":"@{body('Parse_JSON')?['status']}","message":"@body('Parse_JSON')?['message']"}}}},"runAfter":{"Try":["Failed","TimedOut"]},"metadata":{"operationMetadataId":"0b1f469e-80a5-4b16-a6e9-006a25085809"},"type":"Scope"},"Get_Routing_Config":{"runAfter":{},"metadata":{"flowSystemMetadata":{"swaggerOperationId":"HttpRequest"},"operationMetadataId":"95dafd64-0655-4aaf-a4ca-b1436e26b685"},"type":"ApiConnection","inputs":{"host":{"connection":{"name":"@json(decodeBase64(triggerOutputs().headers['X-MS-APIM-Tokens']))['$connections']['shared_sharepointonline_1']['connectionId']"},"api":{"runtimeUrl":"https://flow-apim-europe-001-westeurope-01.azure-apim.net/apim/sharepointonline"}},"method":"post","body":{"method":"GET","uri":"_api/web/lists/GetByTitle('Routing Configurations')/items?$filter=CRMBrand eq '@{triggerBody()['Brand_Value']}'&$select=Title","headers":{"accept":"application/json;odata=nometadata"}},"path":"/datasets/@{encodeURIComponent(encodeURIComponent('https://comphost.sharepoint.com/sites/CRM-DocumentAdmin-',triggerBody()['Env_Value']))}/httprequest","authentication":{"type":"Raw","value":"@json(decodeBase64(triggerOutputs().headers['X-MS-APIM-Tokens']))['$ConnectionKey']"}},"description":"If this fails, the site is probably down and we won't be able to write to the Diagnostics list."}},"outputs":{}},"connectionReferences":{"shared_sharepointonline_1":{"connectionName":"shared-sharepointonl-2ee43491-daea-4269-be69-b627-6930a97a","source":"Invoker","id":"/providers/Microsoft.PowerApps/apis/shared_sharepointonline","tier":"NotSpecified","apiName":"sharepointonline"}},"flowFailureAlertSubscribed":false,"isManaged":false}}