{"schemaVersion":"1.0","appDefinitionTemplate":{"id":"/providers/Microsoft.PowerApps/apps/","type":"Microsoft.PowerApps/apps","tags":{"primaryDeviceWidth":"1366","primaryDeviceHeight":"768","sienaVersion":"20210407T113124Z-3.21034.27.0","deviceCapabilities":"","supportsPortrait":"false","supportsLandscape":"true","primaryFormFactor":"Tablet","publisherVersion":"3.21034.27","minimumRequiredApiVersion":"2.2.0","hasComponent":"false","hasUnlockedComponent":"false","isUnifiedRootApp":"false"},"properties":{"appVersion":"2021-04-07T11:31:24Z","lifeCycleId":"Published","createdByClientVersion":{"major":3,"minor":21034,"build":27,"revision":0,"majorRevision":0,"minorRevision":0},"minClientVersion":{"major":3,"minor":21034,"build":27,"revision":0,"majorRevision":0,"minorRevision":0},"backgroundColor":"rgba(251, 101, 60, 1)","backgroundImageUri":"/3609859808274733139/Na66a5859-0987-45e2-97e5-f0b8996efa41-nasa_nemochatbot_7d46e_BackgroundImageUri","displayName":"NEMO ChatBOT","description":"","commitMessage":"","appUris":{"documentUri":{"value":"/3609859808274733139/Nc4c95255-0eb5-4c37-9aaa-2a66d254979f-nasa_nemochatbot_7d46e_DocumentUri.msapp"},"imageUris":[],"additionalUris":[]},"createdTime":"0001-01-01T00:00:00Z","lastModifiedTime":"0001-01-01T00:00:00Z","sharedGroupsCount":0,"sharedUsersCount":0,"connectionReferences":{},"authorizationReferences":[],"databaseReferences":{},"almMode":"Solution","performanceOptimizationEnabled":true,"executionRestrictions":{"isTeamsOnly":false,"dataLossPreventionEvaluationResult":{"status":"Compliant","lastEvaluationDate":"2021-04-07T11:31:35.1904512Z","violationDetails":[]}}},"isAppComponentLibrary":false,"appType":"ClassicCanvasApp","appComponents":[]}}