{"schemaVersion":"1.0","appDefinitionTemplate":{"id":"/providers/Microsoft.PowerApps/apps/","type":"Microsoft.PowerApps/apps","tags":{"primaryDeviceWidth":"424","primaryDeviceHeight":"490","sienaVersion":"20220329T085159Z-3.22022.23.0","deviceCapabilities":"","supportsPortrait":"false","supportsLandscape":"true","primaryFormFactor":"Tablet","publisherVersion":"3.22022.23","minimumRequiredApiVersion":"2.2.0","hasComponent":"false","hasNonOOBComponent":"false","hasUnlockedComponent":"false","isUnifiedRootApp":"false"},"properties":{"appVersion":"2022-03-29T08:51:59Z","lifeCycleId":"Published","createdByClientVersion":{"major":3,"minor":22022,"build":23,"revision":0,"majorRevision":0,"minorRevision":0},"minClientVersion":{"major":3,"minor":22022,"build":23,"revision":0,"majorRevision":0,"minorRevision":0},"backgroundColor":"rgba(0, 176, 240, 1)","backgroundImageUri":"/14754207968611089909/N8fa8065d-209b-41b8-a6df-abb2c20247a0-logoSmallFile","displayName":"Trader Document Handling App","description":"EditScreen","commitMessage":"","appUris":{"documentUri":{"value":"/14754207968611089909/Nfad0744a-d565-400e-99aa-bb28c07ab937-document.msapp"},"imageUris":[],"additionalUris":[]},"createdTime":"0001-01-01T00:00:00Z","lastModifiedTime":"0001-01-01T00:00:00Z","sharedGroupsCount":0,"sharedUsersCount":0,"connectionReferences":{"b5c0f816-b952-4ba8-8a6f-1f1f265c875d":{"id":"2b3438fb-ec69-49e7-bcd0-5a5983fc5942","displayName":"SharePoint","iconUri":"https://connectoricons-prod.azureedge.net/releases/v1.0.1563/1.0.1563.2732/sharepointonline/icon.png","dataSources":["Routing Documents"],"dependencies":[],"dependents":["0f70f163-cca4-47f5-96a8-baf07df442a8","47e083d3-4ebb-462a-b2fe-25d8370431bb","bb5c7207-8768-4f08-8f2a-001a3d871674","b409ad88-0f07-42b7-a500-3f740e4fdb5a","a65a2501-3bf0-404d-865c-00389fe633ba"],"parameterHints":{},"parameterHintsV2":{},"isOnPremiseConnection":false,"bypassConsent":false,"dataSets":{"https://comphost.sharepoint.com/sites/CRM-DocumentAdmin-D":{"dataSources":{"Routing Documents":{"tableName":"99288c14-57c2-4a59-acb8-f3fcd19dc9c2"}}}},"apiTier":"Standard","isCustomApiConnection":false,"actions":["providers/PowerPlatform.Governance/Operations/Read","providers/PowerPlatform.Governance/Operations/Write"]},"0f70f163-cca4-47f5-96a8-baf07df442a8":{"id":"7825342b-c7fa-451f-80a4-243e0b6cc7e4","displayName":"Logic flows","iconUri":"https://connectoricons-prod.azureedge.net/releases/v1.0.1534/1.0.1534.2605/logicflows/icon.png","dataSources":["TDH-GetCRMDocumentTypeTagsFlow"],"dependencies":["b5c0f816-b952-4ba8-8a6f-1f1f265c875d"],"dependents":[],"parameterHints":{"workflowName":{"value":"8798bc22-2a51-4c70-82d2-5113603331d0"},"workflowEntityId":{},"b5c0f816-b952-4ba8-8a6f-1f1f265c875d":{"value":"shared_sharepointonline_1"}},"parameterHintsV2":{"workflowName":{"value":"8798bc22-2a51-4c70-82d2-5113603331d0"},"workflowEntityId":{},"shared_sharepointonline_1":{"value":"b5c0f816-b952-4ba8-8a6f-1f1f265c875d"}},"isOnPremiseConnection":false,"bypassConsent":false,"dataSets":{},"apiTier":"Standard","isCustomApiConnection":false,"actions":["Run"]},"47e083d3-4ebb-462a-b2fe-25d8370431bb":{"id":"7825342b-c7fa-451f-80a4-243e0b6cc7e4","displayName":"Logic flows","iconUri":"https://connectoricons-prod.azureedge.net/releases/v1.0.1534/1.0.1534.2605/logicflows/icon.png","dataSources":["TDH-SharePointSearchFlow"],"dependencies":["b5c0f816-b952-4ba8-8a6f-1f1f265c875d"],"dependents":[],"parameterHints":{"workflowName":{"value":"b0ed3746-806f-43d5-8518-ea2498e9fe4d"},"workflowEntityId":{},"b5c0f816-b952-4ba8-8a6f-1f1f265c875d":{"value":"shared_sharepointonline_1"}},"parameterHintsV2":{"workflowName":{"value":"b0ed3746-806f-43d5-8518-ea2498e9fe4d"},"workflowEntityId":{},"shared_sharepointonline_1":{"value":"b5c0f816-b952-4ba8-8a6f-1f1f265c875d"}},"isOnPremiseConnection":false,"bypassConsent":false,"dataSets":{},"apiTier":"Standard","isCustomApiConnection":false,"actions":["Run"]},"bb5c7207-8768-4f08-8f2a-001a3d871674":{"id":"7825342b-c7fa-451f-80a4-243e0b6cc7e4","displayName":"Logic flows","iconUri":"https://connectoricons-prod.azureedge.net/releases/v1.0.1534/1.0.1534.2605/logicflows/icon.png","dataSources":["TDH-UpdateFile"],"dependencies":["b5c0f816-b952-4ba8-8a6f-1f1f265c875d"],"dependents":[],"parameterHints":{"workflowName":{"value":"8552aae3-ebda-4f60-a214-c07828b91e48"},"workflowEntityId":{},"b5c0f816-b952-4ba8-8a6f-1f1f265c875d":{"value":"shared_sharepointonline_1"}},"parameterHintsV2":{"workflowName":{"value":"8552aae3-ebda-4f60-a214-c07828b91e48"},"workflowEntityId":{},"shared_sharepointonline_1":{"value":"b5c0f816-b952-4ba8-8a6f-1f1f265c875d"}},"isOnPremiseConnection":false,"bypassConsent":false,"dataSets":{},"apiTier":"Standard","isCustomApiConnection":false,"actions":["Run"]},"b409ad88-0f07-42b7-a500-3f740e4fdb5a":{"id":"7825342b-c7fa-451f-80a4-243e0b6cc7e4","displayName":"Logic flows","iconUri":"https://connectoricons-prod.azureedge.net/releases/v1.0.1534/1.0.1534.2605/logicflows/icon.png","dataSources":["TDH-GetWopiFrameUrlFlow"],"dependencies":["b5c0f816-b952-4ba8-8a6f-1f1f265c875d"],"dependents":[],"parameterHints":{"workflowName":{"value":"ca3ca17d-fb13-4bfa-8244-4e30e3d4d9e0"},"workflowEntityId":{},"b5c0f816-b952-4ba8-8a6f-1f1f265c875d":{"value":"shared_sharepointonline_1"}},"parameterHintsV2":{"workflowName":{"value":"ca3ca17d-fb13-4bfa-8244-4e30e3d4d9e0"},"workflowEntityId":{},"shared_sharepointonline_1":{"value":"b5c0f816-b952-4ba8-8a6f-1f1f265c875d"}},"isOnPremiseConnection":false,"bypassConsent":false,"dataSets":{},"apiTier":"Standard","isCustomApiConnection":false,"actions":["Run"]},"a65a2501-3bf0-404d-865c-00389fe633ba":{"id":"7825342b-c7fa-451f-80a4-243e0b6cc7e4","displayName":"Logic flows","iconUri":"https://connectoricons-prod.azureedge.net/releases/v1.0.1534/1.0.1534.2605/logicflows/icon.png","dataSources":["TDH-GetExcludedTags"],"dependencies":["b5c0f816-b952-4ba8-8a6f-1f1f265c875d"],"dependents":[],"parameterHints":{"workflowName":{"value":"37ac23bf-bbf5-4270-b886-2f514c76c409"},"workflowEntityId":{},"b5c0f816-b952-4ba8-8a6f-1f1f265c875d":{"value":"shared_sharepointonline_1"}},"parameterHintsV2":{"workflowName":{"value":"37ac23bf-bbf5-4270-b886-2f514c76c409"},"workflowEntityId":{},"shared_sharepointonline_1":{"value":"b5c0f816-b952-4ba8-8a6f-1f1f265c875d"}},"isOnPremiseConnection":false,"bypassConsent":false,"dataSets":{},"apiTier":"Standard","isCustomApiConnection":false,"actions":["Run"]}},"databaseReferences":{},"almMode":"Environment","performanceOptimizationEnabled":false,"canConsumeAppPass":true,"executionRestrictions":{"isTeamsOnly":false,"dataLossPreventionEvaluationResult":{"status":"Compliant","lastEvaluationDate":"2022-03-10T15:19:40.7237217Z","violations":[],"violationsByPolicy":[],"violationErrorMessage":"The app uses the following connectors: shared_sharepointonline, shared_logicflows."},"httpActionRestriction":{"appUsesSharepointHttpAction":false,"enforcementStrategy":"Legacy","evaluationTime":"2022-03-10T15:19:40.7237217Z"}}},"appType":"ClassicCanvasApp","appComponents":[]}}