{"name":"42b5d68e-5094-4649-aa81-7eaa65bd1104","id":"/providers/Microsoft.Flow/flows/42b5d68e-5094-4649-aa81-7eaa65bd1104","type":"Microsoft.Flow/flows","properties":{"apiId":"/providers/Microsoft.PowerApps/apis/shared_logicflows","displayName":"TDH - Update File","definition":{"metadata":{"workflowEntityId":null,"processAdvisorMetadata":null,"flowclientsuspensionreason":"None","flowclientsuspensiontime":null,"creator":{"id":"25127046-2e6b-40a0-beaa-6d1fc1e946ff","type":"User","tenantId":"424cbc54-76e1-4e68-ba4c-e65849b57091"},"provisioningMethod":"FromDefinition","failureAlertSubscription":true,"clientLastModifiedTime":"2022-05-09T12:49:12.9839297Z"},"$schema":"https://schema.management.azure.com/providers/Microsoft.Logic/schemas/2016-06-01/workflowdefinition.json#","contentVersion":"1.0.0.0","parameters":{"$connections":{"defaultValue":{},"type":"Object"},"$authentication":{"defaultValue":{},"type":"SecureObject"}},"triggers":{"manual":{"metadata":{"operationMetadataId":"f3844aae-395f-4041-8716-5bafcda9ccf3"},"type":"Request","kind":"PowerApp","inputs":{"schema":{"type":"object","properties":{"Site_Value":{"type":"string"},"ListId_Value":{"type":"string"},"ListItemId_Value":{"type":"string"},"Delete_Value":{"type":"boolean","description":"Enter initial value","x-ms-powerflows-param-ispartial":false},"NewFileName_Value":{"type":"string","description":"Enter initial value","x-ms-powerflows-param-ispartial":false},"NewTag_Value":{"type":"string","description":"Enter initial value","x-ms-powerflows-param-ispartial":false}},"required":["Site_Value","ListId_Value","ListItemId_Value","Delete_Value","NewFileName_Value","NewTag_Value"]}}}},"actions":{"catch_Rename_File":{"actions":{"Parse_JSON":{"runAfter":{},"metadata":{"operationMetadataId":"ccc7e8b0-b95d-42c1-a833-5f2af28ff4c3"},"type":"ParseJson","inputs":{"content":"string","schema":{"type":"object","properties":{"status":{"type":"integer"},"message":{"type":"string"}}}}}},"runAfter":{"Try_-_Update_File":["Failed"]},"metadata":{"operationMetadataId":"53f3ae93-abfb-40b5-a143-f32793afdc26"},"type":"Scope"},"Try_-_Update_File":{"actions":{"Update_Item":{"runAfter":{},"metadata":{"flowSystemMetadata":{"swaggerOperationId":"HttpRequest"},"operationMetadataId":"061a7fdb-c81d-47ac-b015-78439449c55e"},"type":"ApiConnection","inputs":{"host":{"connection":{"name":"@json(decodeBase64(triggerOutputs().headers['X-MS-APIM-Tokens']))['$connections']['shared_sharepointonline_1']['connectionId']"},"api":{"runtimeUrl":"https://flow-apim-europe-001-westeurope-01.azure-apim.net/apim/sharepointonline"}},"method":"post","body":{"method":"POST","uri":"_api/Web/Lists/GetByID(guid'@{triggerBody()['ListId_Value']}')/Items(@{triggerBody()['ListItemId_Value']})","headers":{"Accept":"application/json;odata=verbose","Content-Type":"application/json","X-HTTP-Method":"MERGE","If-Match":"*"},"body":"@{variables('BodyTag')}"},"path":"/datasets/@{encodeURIComponent(encodeURIComponent(triggerBody()['Site_Value']))}/httprequest","authentication":{"type":"Raw","value":"@json(decodeBase64(triggerOutputs().headers['X-MS-APIM-Tokens']))['$ConnectionKey']"}}}},"runAfter":{"Body_(tag)":["Succeeded"]},"metadata":{"operationMetadataId":"563fb5f0-7c4c-47ba-90bf-25be5ae5fe08"},"type":"Scope"},"Delete":{"runAfter":{},"metadata":{"operationMetadataId":"d6f5fbd5-c15a-48db-9889-c68bcd3fa165"},"type":"InitializeVariable","inputs":{"variables":[{"name":"Delete (bool)","type":"Boolean","value":"@triggerBody()['Delete_Value']"}]}},"Body_(delete)":{"runAfter":{"Delete":["Succeeded"]},"metadata":{"operationMetadataId":"a7211e9a-cb37-4c2b-bf01-1089fcc843ed"},"type":"InitializeVariable","inputs":{"variables":[{"name":"BodyDelete","type":"Object","value":"@if(variables('Delete (bool)'), addProperty(json('{}'), 'CRMSoftDeleted', 'true'), json('{}'))"}]}},"Body_(name)":{"runAfter":{"New_File_Name":["Succeeded"]},"metadata":{"operationMetadataId":"f1593ba6-0bdc-4cee-95ac-4ccc5297b403"},"type":"InitializeVariable","inputs":{"variables":[{"name":"BodyName","type":"Object","value":"@if(empty(triggerBody()['NewFileName_Value']), variables('BodyDelete'), addProperty(addProperty(variables('BodyDelete'), 'Title', triggerBody()['NewFileName_Value']), 'FileLeafRef', triggerBody()['NewFileName_Value']))"}]}},"New_File_Name":{"runAfter":{"Body_(delete)":["Succeeded"]},"metadata":{"operationMetadataId":"80e18c02-48f1-409c-8267-611ea441ddaa"},"type":"InitializeVariable","inputs":{"variables":[{"name":"Name","type":"String","value":"@triggerBody()['NewFileName_Value']"}]}},"New_Tag":{"runAfter":{"Body_(name)":["Succeeded"]},"metadata":{"operationMetadataId":"80be1ec1-fe96-4912-bb99-81a0a3ab4c14"},"type":"InitializeVariable","inputs":{"variables":[{"name":"New Tag","type":"String","value":"@triggerBody()['NewTag_Value']"}]}},"Body_(tag)":{"runAfter":{"New_Tag":["Succeeded"]},"metadata":{"operationMetadataId":"07f6c86b-d3f2-45fd-8b96-d9a67a97a21b"},"type":"InitializeVariable","inputs":{"variables":[{"name":"BodyTag","type":"Object","value":"@if(empty(triggerBody()['NewTag_Value']),variables('BodyName'),addProperty(variables('BodyName'),'h10a2a0262f1413c9a56683af8e57896',triggerBody()['NewTag_Value']))"}]}}},"outputs":{}},"connectionReferences":{"shared_sharepointonline_1":{"connectionName":"shared-sharepointonl-2ee43491-daea-4269-be69-b627-6930a97a","source":"Invoker","id":"/providers/Microsoft.PowerApps/apis/shared_sharepointonline","tier":"NotSpecified","apiName":"sharepointonline"}},"flowFailureAlertSubscribed":false,"isManaged":false}}