{"name":"0465c167-85c3-43d6-bde1-2b0a5a548435","id":"/providers/Microsoft.Flow/flows/0465c167-85c3-43d6-bde1-2b0a5a548435","type":"Microsoft.Flow/flows","properties":{"apiId":"/providers/Microsoft.PowerApps/apis/shared_logicflows","displayName":"TDH - GetExcludedTags","definition":{"metadata":{"workflowEntityId":null,"processAdvisorMetadata":null,"flowclientsuspensionreason":"None","flowclientsuspensiontime":null,"creator":{"id":"529e7abb-8206-44a4-af01-7b31a6d30938","type":"User","tenantId":"424cbc54-76e1-4e68-ba4c-e65849b57091"},"provisioningMethod":"FromDefinition","failureAlertSubscription":true,"clientLastModifiedTime":"2022-06-15T12:32:18.7171822Z"},"$schema":"https://schema.management.azure.com/providers/Microsoft.Logic/schemas/2016-06-01/workflowdefinition.json#","contentVersion":"1.0.0.0","parameters":{"$connections":{"defaultValue":{},"type":"Object"},"$authentication":{"defaultValue":{},"type":"SecureObject"}},"triggers":{"manual":{"metadata":{"operationMetadataId":"c8b52bbb-877e-4dd1-92c3-2d90e4967bcd"},"type":"Request","kind":"PowerApp","inputs":{"schema":{"type":"object","properties":{"CRMBrand_Value":{"type":"string","description":"Enter initial value","x-ms-powerflows-param-ispartial":false},"CRMEnvironment_Value":{"type":"string","description":"Enter initial value","x-ms-powerflows-param-ispartial":false},"CRMContext_Value":{"type":"string","description":"Enter initial value","x-ms-powerflows-param-ispartial":false}},"required":["CRMBrand_Value","CRMEnvironment_Value","CRMContext_Value"]}}}},"actions":{"CRM_Brand":{"runAfter":{"CRMContext":["Succeeded"]},"metadata":{"operationMetadataId":"09dd11e2-539e-426b-aa61-7eeb43459875"},"type":"InitializeVariable","inputs":{"variables":[{"name":"CRM Brand","type":"string","value":"@{triggerBody()['CRMBrand_Value']}"}]}},"CRM_Environment":{"runAfter":{"If_CRMBrand_is_Credit_GS":["Succeeded"]},"metadata":{"operationMetadataId":"877fccc8-8b1d-4c06-ac4f-88316f84321c"},"type":"InitializeVariable","inputs":{"variables":[{"name":"CRM Environment","type":"string","value":"@{triggerBody()['CRMEnvironment_Value']}"}]}},"Query_to_get_Exclusion_List":{"runAfter":{"Query_to_get_TargetSite":["Succeeded"]},"metadata":{"operationMetadataId":"089df6ba-2b09-46d2-8fc5-54bb3ead7819"},"type":"InitializeVariable","inputs":{"variables":[{"name":"QueryExclusion","type":"string","value":"$select=CRMContext,CRMDocumentTypeTag,TaxCatchAll/ID,TaxCatchAll/Term&$expand=TaxCatchAll &$filter=CRMContext eq '@{variables('CRMContext')}'"}]}},"Try_Getting_Target_Site_From_Sharepoint":{"actions":{"Send_an_HTTP_request_to_SharePoint":{"runAfter":{},"metadata":{"flowSystemMetadata":{"swaggerOperationId":"HttpRequest"},"operationMetadataId":"295cf9f9-4a07-43e8-9a4b-dcac62b62d4e"},"type":"ApiConnection","inputs":{"host":{"connection":{"name":"@json(decodeBase64(triggerOutputs().headers['X-MS-APIM-Tokens']))['$connections']['shared_sharepointonline_1']['connectionId']"},"api":{"runtimeUrl":"https://flow-apim-europe-001-westeurope-01.azure-apim.net/apim/sharepointonline"}},"method":"post","body":{"method":"GET","uri":"/_api/web/lists/getByTitle('Routing%20Configurations')/items?@{variables('QueryTargetSite')}","headers":{"accept":"application/json;odata=nometadata"}},"path":"/datasets/@{encodeURIComponent(encodeURIComponent('https://comphost.sharepoint.com/sites/CRM-DocumentAdmin-',variables('CRM Environment')))}/httprequest","authentication":{"type":"Raw","value":"@json(decodeBase64(triggerOutputs().headers['X-MS-APIM-Tokens']))['$ConnectionKey']"}}},"Send_an_HTTP_request_to_SharePoint_3":{"runAfter":{"Send_an_HTTP_request_to_SharePoint":["Succeeded"]},"metadata":{"flowSystemMetadata":{"swaggerOperationId":"HttpRequest"},"operationMetadataId":"800f3efd-4fa7-48b2-963f-7866ca06fa65"},"type":"ApiConnection","inputs":{"host":{"connection":{"name":"@json(decodeBase64(triggerOutputs().headers['X-MS-APIM-Tokens']))['$connections']['shared_sharepointonline_1']['connectionId']"},"api":{"runtimeUrl":"https://flow-apim-europe-001-westeurope-01.azure-apim.net/apim/sharepointonline"}},"method":"post","body":{"method":"GET","uri":"/_api/lists/getByTitle('Exclusion%20List')/items?@{variables('QueryExclusion')}","headers":{"accept":"application/json;odata=nometadata"}},"path":"/datasets/@{encodeURIComponent(encodeURIComponent(body('Send_an_HTTP_request_to_SharePoint')?['value']?[0]?['TargetSite']?['Description']))}/httprequest","authentication":{"type":"Raw","value":"@json(decodeBase64(triggerOutputs().headers['X-MS-APIM-Tokens']))['$ConnectionKey']"}}},"Response":{"runAfter":{"Send_an_HTTP_request_to_SharePoint_3":["Succeeded","Failed","Skipped","TimedOut"]},"metadata":{"operationMetadataId":"512d8527-85af-4694-aaaf-a400703b8ea8"},"type":"Response","kind":"Http","inputs":{"statusCode":200,"body":"@body('Send_an_HTTP_request_to_SharePoint_3')","schema":{"type":"object","properties":{"value":{"type":"array","items":{"type":"object","properties":{"TaxCatchAll":{"type":"array","items":{"type":"object","properties":{"ID":{"type":"integer"},"Term":{"type":"string"}},"required":["ID","Term"]}},"CRMContext":{"type":"string"},"CRMDocumentTypeTag":{"type":"object","properties":{"Label":{"type":"string"},"TermGuid":{"type":"string"},"WssId":{"type":"integer"}}}},"required":["TaxCatchAll","CRMContext","CRMDocumentTypeTag"]}}}}}}},"runAfter":{"Query_to_get_Exclusion_List":["Succeeded"]},"metadata":{"operationMetadataId":"98dfd85d-9c26-4dca-a1ef-e85770f66b27"},"type":"Scope"},"Catch_Getting_Target_Site":{"actions":{"Parse_JSON":{"runAfter":{},"metadata":{"operationMetadataId":"1f3276a5-8197-4ca1-874e-67c70ca1400b"},"type":"ParseJson","inputs":{"content":"@body('Send_an_HTTP_request_to_SharePoint')","schema":{"type":"object","properties":{"status":{"type":"integer"},"message":{"type":"string"},"source":{"type":"string"},"errors":{"type":"array"}}}}},"Send_an_HTTP_request_to_SharePoint_2":{"runAfter":{"Parse_JSON":["Succeeded"]},"metadata":{"flowSystemMetadata":{"swaggerOperationId":"HttpRequest"},"operationMetadataId":"5c0bf3ce-9ab3-4c17-9d23-6011fdef54f4"},"type":"ApiConnection","inputs":{"host":{"connection":{"name":"@json(decodeBase64(triggerOutputs().headers['X-MS-APIM-Tokens']))['$connections']['shared_sharepointonline_1']['connectionId']"},"api":{"runtimeUrl":"https://flow-apim-europe-001-westeurope-01.azure-apim.net/apim/sharepointonline"}},"method":"post","body":{"method":"POST","uri":"_api/lists/getbytitle('Diagnostics')/items","headers":{"accept":"application/json;odata=nometadata"},"body":"{\n     \"Title\": 'Sharepoint Routing Flow Error',\n     \"LogType\": 'Error :  @{body('Parse_JSON')?['status']}',\n     \"Message\": 'Message : @{body('Parse_JSON')?['message']} , Source:  @{body('Parse_JSON')?['source']}'\n}"},"path":"/datasets/@{encodeURIComponent(encodeURIComponent('https://comphost.sharepoint.com/sites/CRM-DocumentAdmin-',variables('CRM Environment')))}/httprequest","authentication":{"type":"Raw","value":"@json(decodeBase64(triggerOutputs().headers['X-MS-APIM-Tokens']))['$ConnectionKey']"}}}},"runAfter":{"Try_Getting_Target_Site_From_Sharepoint":["Failed","Skipped","TimedOut"]},"metadata":{"operationMetadataId":"ab04aca3-38f8-49e8-97b9-b9c4955bffe9"},"type":"Scope"},"If_CRMBrand_is_Credit_GS":{"actions":{"Set_variable":{"runAfter":{},"metadata":{"operationMetadataId":"d40af3b1-67b6-45dd-b447-8a89157c84b2"},"type":"SetVariable","inputs":{"name":"CRM Brand","value":"Credit"}}},"runAfter":{"CRM_Brand":["Succeeded"]},"expression":{"equals":["@variables('CRM Brand')","Credit/GS"]},"metadata":{"operationMetadataId":"0f4fb3d7-2ba3-47c1-948c-938bbb2e5a78"},"type":"If"},"CRMContext":{"runAfter":{},"metadata":{"operationMetadataId":"bff6068c-f411-475d-9655-8f20eb31f4f4"},"type":"InitializeVariable","inputs":{"variables":[{"name":"CRMContext","type":"string","value":"@{triggerBody()['CRMContext_Value']}"}]}},"Query_to_get_TargetSite":{"runAfter":{"CRM_Environment":["Succeeded"]},"metadata":{"operationMetadataId":"78323758-9126-4380-b3a5-cc077870c76a"},"type":"InitializeVariable","inputs":{"variables":[{"name":"QueryTargetSite","type":"string","value":"$select=TargetSite&$filter=CRMBrand eq '@{variables('CRM Brand')}'"}]}}}},"connectionReferences":{"shared_sharepointonline_1":{"connectionName":"shared-sharepointonl-2ee43491-daea-4269-be69-b627-6930a97a","source":"Invoker","id":"/providers/Microsoft.PowerApps/apis/shared_sharepointonline","tier":"NotSpecified","apiName":"sharepointonline"}},"flowFailureAlertSubscribed":false,"isManaged":false}}